Year,App.,Taxon,Class,Order,Family,Genus,Importer,Exporter,Origin,Importer reported quantity,Exporter reported quantity,Term,Unit,Purpose,Source
2020,I,Addax nasomaculatus,Mammalia,Artiodactyla,Bovidae,Addax,PK,AE,,4,,live,,T,C
2020,I,Capra falconeri,Mammalia,Artiodactyla,Bovidae,Capra,AT,PK,,,1,trophies,,H,W
2020,I,Capra falconeri,Mammalia,Artiodactyla,Bovidae,Capra,ES,PK,,,1,trophies,,H,W
2020,I,Capra falconeri,Mammalia,Artiodactyla,Bovidae,Capra,RU,PK,,,3,trophies,,H,W
2020,I,Capra falconeri,Mammalia,Artiodactyla,Bovidae,Capra,US,PK,,,5,trophies,,H,W
2020,I,Hippotragus niger,Mammalia,Artiodactyla,Bovidae,Hippotragus,ML,ZA,,35,,unspecified,,,
2020,I,Oryx spp.,Mammalia,Artiodactyla,Bovidae,Oryx,ML,ZA,,28,,unspecified,,,
2020,I,Oryx leucoryx,Mammalia,Artiodactyla,Bovidae,Oryx,PK,AE,,4,,live,,T,C
2020,I,Probosciger aterrimus,Aves,Psittaciformes,Cacatuidae,Probosciger,CZ,LK,,,4,live,,T,C
2020,I,Canis lupus,Mammalia,Carnivora,Canidae,Canis,US,PK,,,35,specimens,,S,W
2020,I,Crocodylus acutus,Reptilia,Crocodylia,Crocodylidae,Crocodylus,DE,CO,,,100,skins,,T,D
2020,I,Crocodylus acutus,Reptilia,Crocodylia,Crocodylidae,Crocodylus,KR,CO,,,500,skins,,T,D
2020,I,Crocodylus niloticus,Reptilia,Crocodylia,Crocodylidae,Crocodylus,UA,MD,UA,,1,live,,Q,U
2020,I,Elephas maximus,Mammalia,Proboscidea,Elephantidae,Elephas,KH,PK,,,1,live,,Z,C
2020,I,Elephas maximus,Mammalia,Proboscidea,Elephantidae,Elephas,KR,LK,,,900,specimens,,S,W
2020,I,Elephas maximus,Mammalia,Proboscidea,Elephantidae,Elephas,US,LK,,,101,specimens,,S,W
2020,I,Loxodonta africana,Mammalia,Proboscidea,Elephantidae,Loxodonta,RU,CM,,,1,trophies,,H,W
2020,I,Loxodonta africana,Mammalia,Proboscidea,Elephantidae,Loxodonta,SZ,CM,,,2,trophies,,H,W
2020,I,Equus spp.,Mammalia,Perissodactyla,Equidae,Equus,ML,ZA,,28,,unspecified,,,
2020,I,Acinonyx jubatus,Mammalia,Carnivora,Felidae,Acinonyx,MW,ZA,XX,2,,live,,N,W
2020,I,Caracal caracal,Mammalia,Carnivora,Felidae,Caracal,MD,RU,,2,,live,,Z,C
2020,I,Leopardus pardalis,Mammalia,Carnivora,Felidae,Leopardus,CZ,BY,,,1,live,,Z,C
2020,I,Panthera pardus,Mammalia,Carnivora,Felidae,Panthera,MW,ZW,XX,3,,live,,N,
2020,I,Panthera pardus,Mammalia,Carnivora,Felidae,Panthera,MW,ZW,,4,,live,,N,W
2020,I,Panthera pardus,Mammalia,Carnivora,Felidae,Panthera,US,LK,,,2,specimens,,S,W
2020,I,Panthera tigris,Mammalia,Carnivora,Felidae,Panthera,BY,UA,ES,1,,live,,Q,C
2020,I,Panthera tigris,Mammalia,Carnivora,Felidae,Panthera,PK,ZA,,2,,live,,Z,C
2020,I,Balearica pavonina,Aves,Gruiformes,Gruidae,Balearica,ET,ML,,,4,live,,,
2020,I,Grus vipio,Aves,Gruiformes,Gruidae,Grus,CD,FR,,2,,live,,Z,C
2020,I,Pan troglodytes,Mammalia,Primates,Hominidae,Pan,ES,ML,,,20,specimens,,,
2020,I,Lemur catta,Mammalia,Primates,Lemuridae,Lemur,BY,RU,,4,,live,,Z,C
2020,I,Lemur catta,Mammalia,Primates,Lemuridae,Lemur,MD,RU,,7,,live,,Z,C
2020,I,Pteronura brasiliensis,Mammalia,Carnivora,Mustelidae,Pteronura,CO,US,"",1,,live,,Z,F
2020,I,Pteronura brasiliensis,Mammalia,Carnivora,Mustelidae,Pteronura,CO,US,"",1,,live,,Z,F
2020,I,Pteronura brasiliensis,Mammalia,Carnivora,Mustelidae,Pteronura,TT,US,,1,,live,,Z,C
2020,I,Nepenthes spp.,,Nepenthales,Nepenthaceae,Nepenthes,ZA,LK,,,50,live,,T,A
2020,I,Nepenthes hybrid,,Nepenthales,Nepenthaceae,Nepenthes,CA,LK,,,250,live,,T,D
2020,I,Nepenthes hybrid,,Nepenthales,Nepenthaceae,Nepenthes,GB,LK,,,15500,live,,T,D
2020,I,Nepenthes hybrid,,Nepenthales,Nepenthaceae,Nepenthes,HK,LK,,,70,live,,T,A
2020,I,Nepenthes hybrid,,Nepenthales,Nepenthaceae,Nepenthes,HK,LK,,,1420,live,,T,D
2020,I,Nepenthes hybrid,,Nepenthales,Nepenthaceae,Nepenthes,JP,LK,,,910,live,,T,D
2020,I,Nepenthes hybrid,,Nepenthales,Nepenthaceae,Nepenthes,KR,LK,,,50,live,,T,D
2020,I,Nepenthes hybrid,,Nepenthales,Nepenthaceae,Nepenthes,MY,LK,,,50,live,,T,D
2020,I,Nepenthes hybrid,,Nepenthales,Nepenthaceae,Nepenthes,SG,LK,,,200,live,,T,D
2020,I,Nepenthes hybrid,,Nepenthales,Nepenthaceae,Nepenthes,TH,LK,,,270,live,,T,D
2020,I,Nepenthes hybrid,,Nepenthales,Nepenthaceae,Nepenthes,US,LK,,,2610,live,,T,D
2020,I,Nepenthes rajah,,Nepenthales,Nepenthaceae,Nepenthes,CA,LK,,,70,live,,T,D
2020,I,Nepenthes rajah,,Nepenthales,Nepenthaceae,Nepenthes,GB,LK,,,1000,live,,T,A
2020,I,Nepenthes rajah,,Nepenthales,Nepenthaceae,Nepenthes,GB,LK,,,2000,live,,T,D
2020,I,Nepenthes rajah,,Nepenthales,Nepenthaceae,Nepenthes,HK,LK,,,120,live,,T,D
2020,I,Nepenthes rajah,,Nepenthales,Nepenthaceae,Nepenthes,JP,LK,,,120,live,,T,D
2020,I,Nepenthes rajah,,Nepenthales,Nepenthaceae,Nepenthes,TH,LK,,,50,live,,T,D
2020,I,Nepenthes rajah,,Nepenthales,Nepenthaceae,Nepenthes,US,LK,,,530,live,,T,D
2020,I,Chlamydotis macqueenii,Aves,Gruiformes,Otididae,Chlamydotis,PK,AE,,5460,,live,,N,C
2020,I,Syrmaticus ellioti,Aves,Galliformes,Phasianidae,Syrmaticus,BY,RU,,3,,live,,Z,C
2020,I,Anodorhynchus hyacinthinus,Aves,Psittaciformes,Psittacidae,Anodorhynchus,LK,BE,,1,,live,,B,C
2020,I,Ara glaucogularis,Aves,Psittaciformes,Psittacidae,Ara,TT,US,,1,,live,,P,C
2020,I,Ara macao,Aves,Psittaciformes,Psittacidae,Ara,PK,BE,,2,,live,,P,C
2020,I,Psittacus erithacus,Aves,Psittaciformes,Psittacidae,Psittacus,GB,PK,,,1,live,,P,C
2020,I,Psittacus erithacus,Aves,Psittaciformes,Psittacidae,Psittacus,LK,US,,1,,live,,B,C
2020,I,Psittacus erithacus,Aves,Psittaciformes,Psittacidae,Psittacus,PK,SA,,1,,live,,P,C
2020,I,Psittacus erithacus,Aves,Psittaciformes,Psittacidae,Psittacus,TR,IQ,XX,,1,live,,P,F
2020,I,Psittacus erithacus,Aves,Psittaciformes,Psittacidae,Psittacus,TT,BB,,5,,live,,T,C
2020,I,Psittacus erithacus timneh,Aves,Psittaciformes,Psittacidae,Psittacus,TT,CA,,1,,live,,P,C
2020,I,Diceros bicornis,Mammalia,Perissodactyla,Rhinocerotidae,Diceros,ZA,RW,,,14,specimens,,S,W
2020,I,Rhinoceros spp.,Mammalia,Perissodactyla,Rhinocerotidae,Rhinoceros,ML,ZA,,2,,unspecified,,,
2020,I,Geochelone elegans,Reptilia,Testudines,Testudinidae,Geochelone,RU,LK,,,3,live,,T,C
2020,I,Tremarctos ornatus,Mammalia,Carnivora,Ursidae,Tremarctos,GB,CO,,,1,specimens,,S,W
2020,II,Acipenser baerii,Actinopteri,Acipenseriformes,Acipenseridae,Acipenser,AE,BY,,,3.63,caviar,kg,T,C
2020,II,Acipenser baerii,Actinopteri,Acipenseriformes,Acipenseridae,Acipenser,AM,BY,,,2.2,caviar,kg,T,C
2020,II,Acipenser baerii,Actinopteri,Acipenseriformes,Acipenseridae,Acipenser,AU,BY,,,10,caviar,kg,T,C
2020,II,Acipenser baerii,Actinopteri,Acipenseriformes,Acipenseridae,Acipenser,AZ,BY,,,18.64,caviar,kg,T,C
2020,II,Acipenser baerii,Actinopteri,Acipenseriformes,Acipenseridae,Acipenser,HK,BY,,,6.66,caviar,kg,T,C
2020,II,Acipenser baerii,Actinopteri,Acipenseriformes,Acipenseridae,Acipenser,IT,BY,,,10,caviar,kg,T,C
2020,II,Acipenser baerii,Actinopteri,Acipenseriformes,Acipenseridae,Acipenser,JO,BY,,,10.2,caviar,kg,T,C
2020,II,Acipenser baerii,Actinopteri,Acipenseriformes,Acipenseridae,Acipenser,KG,BY,,,30.1,caviar,kg,T,C
2020,II,Acipenser baerii,Actinopteri,Acipenseriformes,Acipenseridae,Acipenser,KZ,BY,,,36.4,caviar,kg,T,C
2020,II,Acipenser baerii,Actinopteri,Acipenseriformes,Acipenseridae,Acipenser,LT,BY,,,10.04,caviar,kg,T,C
2020,II,Acipenser baerii,Actinopteri,Acipenseriformes,Acipenseridae,Acipenser,MD,BY,,,7.68,caviar,kg,T,C
2020,II,Acipenser baerii,Actinopteri,Acipenseriformes,Acipenseridae,Acipenser,MO,FR,,2.9,,caviar,kg,T,C
2020,II,Acipenser baerii,Actinopteri,Acipenseriformes,Acipenseridae,Acipenser,NZ,BY,,,128.7,caviar,kg,T,C
2020,II,Acipenser baerii,Actinopteri,Acipenseriformes,Acipenseridae,Acipenser,RU,BY,IT,,700,caviar,kg,T,C
2020,II,Acipenser baerii,Actinopteri,Acipenseriformes,Acipenseridae,Acipenser,RU,BY,,,504,bodies,kg,T,C
2020,II,Acipenser baerii,Actinopteri,Acipenseriformes,Acipenseridae,Acipenser,RU,BY,,,255.39,caviar,kg,T,C
2020,II,Acipenser baerii,Actinopteri,Acipenseriformes,Acipenseridae,Acipenser,RU,BY,,,22000,live,kg,T,C
2020,II,Acipenser baerii,Actinopteri,Acipenseriformes,Acipenseridae,Acipenser,RU,BY,,,800,live,,T,C
2020,II,Acipenser baerii,Actinopteri,Acipenseriformes,Acipenseridae,Acipenser,SG,BY,,,2.36,caviar,kg,T,C
2020,II,Acipenser baerii,Actinopteri,Acipenseriformes,Acipenseridae,Acipenser,UA,BY,,,7.38,caviar,kg,T,C
2020,II,Acipenser baerii,Actinopteri,Acipenseriformes,Acipenseridae,Acipenser,US,BY,,,2,caviar,kg,T,C
2020,II,Acipenser baerii,Actinopteri,Acipenseriformes,Acipenseridae,Acipenser,UZ,BY,,,25.6,caviar,kg,T,C
2020,II,Acipenser gueldenstaedtii,Actinopteri,Acipenseriformes,Acipenseridae,Acipenser,AU,MD,,,2.51,caviar,kg,T,C
2020,II,Acipenser gueldenstaedtii,Actinopteri,Acipenseriformes,Acipenseridae,Acipenser,DE,MD,,,39.46,caviar,kg,T,C
2020,II,Acipenser gueldenstaedtii,Actinopteri,Acipenseriformes,Acipenseridae,Acipenser,IL,MD,,,0.4,caviar,kg,T,C
2020,II,Acipenser gueldenstaedtii,Actinopteri,Acipenseriformes,Acipenseridae,Acipenser,JP,MD,,,29.49,caviar,kg,T,C
2020,II,Acipenser gueldenstaedtii,Actinopteri,Acipenseriformes,Acipenseridae,Acipenser,MO,FR,,0.9,,caviar,kg,T,C
2020,II,Acipenser gueldenstaedtii,Actinopteri,Acipenseriformes,Acipenseridae,Acipenser,UA,MD,,,19,caviar,kg,T,C
2020,II,Acipenser gueldenstaedtii,Actinopteri,Acipenseriformes,Acipenseridae,Acipenser,UA,MD,,,11100,meat,kg,T,C
2020,II,Acipenser gueldenstaedtii,Actinopteri,Acipenseriformes,Acipenseridae,Acipenser,US,MD,,,15.76,caviar,kg,T,C
2020,II,Acipenseridae hybrid,Actinopteri,Acipenseriformes,Acipenseridae,,AU,MD,,,4.49,caviar,kg,T,C
2020,II,Acipenseridae hybrid,Actinopteri,Acipenseriformes,Acipenseridae,,DE,MD,,,47.58,caviar,kg,T,C
2020,II,Acipenseridae hybrid,Actinopteri,Acipenseriformes,Acipenseridae,,IL,MD,,,0.4,caviar,kg,T,C
2020,II,Acipenseridae hybrid,Actinopteri,Acipenseriformes,Acipenseridae,,JP,MD,,,27.416,caviar,kg,T,C
2020,II,Acipenseridae hybrid,Actinopteri,Acipenseriformes,Acipenseridae,,RU,MD,,,12000,meat,kg,T,C
2020,II,Acipenseridae hybrid,Actinopteri,Acipenseriformes,Acipenseridae,,UA,MD,,,24750,meat,kg,T,C
2020,II,Acipenseridae hybrid,Actinopteri,Acipenseriformes,Acipenseridae,,US,MD,,,11.79,caviar,kg,T,C
2020,II,Acipenser ruthenus,Actinopteri,Acipenseriformes,Acipenseridae,Acipenser,AE,BY,,,3.05,caviar,kg,T,C
2020,II,Acipenser ruthenus,Actinopteri,Acipenseriformes,Acipenseridae,Acipenser,AM,BY,,,5,caviar,kg,T,C
2020,II,Acipenser ruthenus,Actinopteri,Acipenseriformes,Acipenseridae,Acipenser,AU,MD,,,2.49,caviar,kg,T,C
2020,II,Acipenser ruthenus,Actinopteri,Acipenseriformes,Acipenseridae,Acipenser,BG,BY,,,20.1,caviar,kg,T,C
2020,II,Acipenser ruthenus,Actinopteri,Acipenseriformes,Acipenseridae,Acipenser,CH,BY,,,7,caviar,kg,T,C
2020,II,Acipenser ruthenus,Actinopteri,Acipenseriformes,Acipenseridae,Acipenser,DE,MD,,,15.29,caviar,kg,T,C
2020,II,Acipenser ruthenus,Actinopteri,Acipenseriformes,Acipenseridae,Acipenser,HK,BY,,,0.6,caviar,kg,T,C
2020,II,Acipenser ruthenus,Actinopteri,Acipenseriformes,Acipenseridae,Acipenser,IT,BY,,,1.71,caviar,kg,T,C
2020,II,Acipenser ruthenus,Actinopteri,Acipenseriformes,Acipenseridae,Acipenser,JP,MD,,,26.602,caviar,kg,T,C
2020,II,Acipenser ruthenus,Actinopteri,Acipenseriformes,Acipenseridae,Acipenser,KZ,BY,,,1.8,caviar,kg,T,C
2020,II,Acipenser ruthenus,Actinopteri,Acipenseriformes,Acipenseridae,Acipenser,LU,BY,,,2.1,caviar,kg,T,C
2020,II,Acipenser ruthenus,Actinopteri,Acipenseriformes,Acipenseridae,Acipenser,MD,BY,,,1.5,caviar,kg,T,C
2020,II,Acipenser ruthenus,Actinopteri,Acipenseriformes,Acipenseridae,Acipenser,NZ,BY,,,12.3,caviar,kg,T,C
2020,II,Acipenser ruthenus,Actinopteri,Acipenseriformes,Acipenseridae,Acipenser,RU,BY,,,62.1,caviar,kg,T,C
2020,II,Acipenser ruthenus,Actinopteri,Acipenseriformes,Acipenseridae,Acipenser,RU,BY,,,3000,live,kg,T,C
2020,II,Acipenser ruthenus,Actinopteri,Acipenseriformes,Acipenseridae,Acipenser,SG,BY,,,3,caviar,kg,T,C
2020,II,Acipenser ruthenus,Actinopteri,Acipenseriformes,Acipenseridae,Acipenser,UA,MD,,,100,caviar,kg,T,C
2020,II,Acipenser ruthenus,Actinopteri,Acipenseriformes,Acipenseridae,Acipenser,US,MD,,,11.60,caviar,kg,T,C
2020,II,Acipenser ruthenus,Actinopteri,Acipenseriformes,Acipenseridae,Acipenser,UZ,BY,,,2.25,caviar,kg,T,C
2020,II,Huso huso,Actinopteri,Acipenseriformes,Acipenseridae,Huso,AU,MD,,,0.51,caviar,kg,T,C
2020,II,Huso huso,Actinopteri,Acipenseriformes,Acipenseridae,Huso,DE,MD,,,31.10,caviar,kg,T,C
2020,II,Huso huso,Actinopteri,Acipenseriformes,Acipenseridae,Huso,GB,MD,,,2700,meat,kg,T,C
2020,II,Huso huso,Actinopteri,Acipenseriformes,Acipenseridae,Huso,IL,MD,,,0.2,caviar,kg,T,C
2020,II,Huso huso,Actinopteri,Acipenseriformes,Acipenseridae,Huso,JP,MD,,,27.786,caviar,kg,T,C
2020,II,Huso huso,Actinopteri,Acipenseriformes,Acipenseridae,Huso,MO,FR,IT,0.9,,caviar,kg,T,C
2020,II,Huso huso,Actinopteri,Acipenseriformes,Acipenseridae,Huso,RU,BY,,,10000,live,kg,T,C
2020,II,Huso huso,Actinopteri,Acipenseriformes,Acipenseridae,Huso,UA,MD,,,15.5,caviar,kg,T,C
2020,II,Huso huso,Actinopteri,Acipenseriformes,Acipenseridae,Huso,UA,MD,,,13950,meat,kg,T,C
2020,II,Acropora nana,Anthozoa,Scleractinia,Acroporidae,Acropora,LK,VN,,750,,live,,B,C
2020,II,Acropora spathulata,Anthozoa,Scleractinia,Acroporidae,Acropora,LK,VN,,20,,live,,T,C
2020,II,Uromastyx geyri,Reptilia,Sauria,Agamidae,Uromastyx,GH,ML,,,2400,live,,,
2020,II,Uromastyx geyri,Reptilia,Sauria,Agamidae,Uromastyx,HK,ML,,,100,live,,,
2020,II,Uromastyx geyri,Reptilia,Sauria,Agamidae,Uromastyx,TG,ML,,,2500,live,,,
2020,II,Alligator mississippiensis,Reptilia,Crocodylia,Alligatoridae,Alligator,FR,MG,US,,142,leather products (small),,T,W
2020,II,Alligator mississippiensis,Reptilia,Crocodylia,Alligatoridae,Alligator,LK,US,,32,,specimens,,M,W
2020,II,Alligator mississippiensis,Reptilia,Crocodylia,Alligatoridae,Alligator,MO,CH,US,1,,leather products (small),,T,C
2020,II,Alligator mississippiensis,Reptilia,Crocodylia,Alligatoridae,Alligator,MO,CH,US,6,,leather products (small),,T,W
2020,II,Alligator mississippiensis,Reptilia,Crocodylia,Alligatoridae,Alligator,MO,FR,US,50,,leather products (small),,T,W
2020,II,Alligator mississippiensis,Reptilia,Crocodylia,Alligatoridae,Alligator,MO,IT,US,1,,leather products (large),,T,W
2020,II,Alligator mississippiensis,Reptilia,Crocodylia,Alligatoridae,Alligator,MO,IT,US,136,,leather products (small),,T,W
2020,II,Alligator mississippiensis,Reptilia,Crocodylia,Alligatoridae,Alligator,RS,AT,US,5,,leather products (small),,T,W
2020,II,Alligator mississippiensis,Reptilia,Crocodylia,Alligatoridae,Alligator,RS,CH,US,22,,leather products (small),,T,W
2020,II,Alligator mississippiensis,Reptilia,Crocodylia,Alligatoridae,Alligator,RS,US,,19,,specimens,,T,W
2020,II,Caiman crocodilus,Reptilia,Crocodylia,Alligatoridae,Caiman,AZ,BY,,,3,live,,Z,C
2020,II,Caiman crocodilus crocodilus,Reptilia,Crocodylia,Alligatoridae,Caiman,MO,IT,VE,132,,leather products (small),,T,W
2020,II,Caiman crocodilus fuscus,Reptilia,Crocodylia,Alligatoridae,Caiman,AE,CO,CO,,32,leather products (small),,T,C
2020,II,Caiman crocodilus fuscus,Reptilia,Crocodylia,Alligatoridae,Caiman,DE,CO,,,1000,skins,,T,C
2020,II,Caiman crocodilus fuscus,Reptilia,Crocodylia,Alligatoridae,Caiman,FR,MG,CO,,30,leather products (small),,T,C
2020,II,Caiman crocodilus fuscus,Reptilia,Crocodylia,Alligatoridae,Caiman,GB,CO,CO,,133,leather products (small),,T,C
2020,II,Caiman crocodilus fuscus,Reptilia,Crocodylia,Alligatoridae,Caiman,JP,CO,CO,,10,leather products (small),,T,C
2020,II,Caiman crocodilus fuscus,Reptilia,Crocodylia,Alligatoridae,Caiman,KR,CO,CO,,15,leather products (small),,T,C
2020,II,Caiman crocodilus fuscus,Reptilia,Crocodylia,Alligatoridae,Caiman,KR,CO,,,5645,skins,,T,C
2020,II,Caiman crocodilus fuscus,Reptilia,Crocodylia,Alligatoridae,Caiman,KW,CO,CO,,15,leather products (small),,T,C
2020,II,Caiman crocodilus fuscus,Reptilia,Crocodylia,Alligatoridae,Caiman,MG,FR,CO,18,,leather products (small),,T,C
2020,II,Caiman crocodilus fuscus,Reptilia,Crocodylia,Alligatoridae,Caiman,MG,FR,CO,16,,skin pieces,,T,C
2020,II,Caiman crocodilus fuscus,Reptilia,Crocodylia,Alligatoridae,Caiman,MO,IT,CO,5,,leather products (small),,T,C
2020,II,Caiman crocodilus fuscus,Reptilia,Crocodylia,Alligatoridae,Caiman,MX,CO,,,34103,skins,,T,C
2020,II,Caiman crocodilus fuscus,Reptilia,Crocodylia,Alligatoridae,Caiman,US,CO,CO,,784,leather products (small),,T,C
2020,II,Caiman crocodilus fuscus,Reptilia,Crocodylia,Alligatoridae,Caiman,US,CO,,,392,leather products (small),,T,C
2020,II,Caiman crocodilus fuscus,Reptilia,Crocodylia,Alligatoridae,Caiman,US,CO,,,600,skins,,T,C
2020,II,Caiman crocodilus fuscus,Reptilia,Crocodylia,Alligatoridae,Caiman,US,CO,,,600,tails,,T,C
2020,II,Caiman crocodilus yacare,Reptilia,Crocodylia,Alligatoridae,Caiman,MO,IT,BO,317,,leather products (small),,T,W
2020,II,Operculicarya decaryi,,Sapindales,Anacardiaceae,Operculicarya,KR,MG,,,2,live,,T,A
2020,II,Operculicarya pachypus,,Sapindales,Anacardiaceae,Operculicarya,HK,MG,,,1,live,,T,A
2020,II,Operculicarya pachypus,,Sapindales,Anacardiaceae,Operculicarya,JP,MG,,,180,live,,T,A
2020,II,Operculicarya pachypus,,Sapindales,Anacardiaceae,Operculicarya,TW,MG,,,8,live,,T,A
2020,II,Pachypodium lamerei,,Gentianales,Apocynaceae,Pachypodium,JP,MG,,,5,live,,T,A
2020,II,Pachypodium rosulatum,,Gentianales,Apocynaceae,Pachypodium,HK,MG,,,30,live,,T,A
2020,II,Pachypodium rosulatum,,Gentianales,Apocynaceae,Pachypodium,JP,MG,,,80,live,,T,A
2020,II,Pachypodium rosulatum,,Gentianales,Apocynaceae,Pachypodium,TW,MG,,,10,live,,T,A
2020,II,Pachypodium rutenbergianum,,Gentianales,Apocynaceae,Pachypodium,HK,MG,,,40,live,,T,A
2020,II,Boa constrictor,Reptilia,Serpentes,Boidae,Boa,AZ,BY,,,5,live,,Z,C
2020,II,Boa constrictor,Reptilia,Serpentes,Boidae,Boa,LB,BY,,,100,live,,T,C
2020,II,Boa constrictor,Reptilia,Serpentes,Boidae,Boa,RU,BY,,,6,live,,B,C
2020,II,Boa constrictor,Reptilia,Serpentes,Boidae,Boa,RU,BY,,,10,live,,Q,C
2020,II,Boa constrictor,Reptilia,Serpentes,Boidae,Boa,RU,BY,,,18,live,,T,C
2020,II,Boa constrictor,Reptilia,Serpentes,Boidae,Boa,US,CO,,,700,live,,T,C
2020,II,Calabaria reinhardtii,Reptilia,Serpentes,Boidae,Calabaria,CA,CM,,,8,live,,T,W
2020,II,Calabaria reinhardtii,Reptilia,Serpentes,Boidae,Calabaria,VN,CM,,,30,live,,T,W
2020,II,Epicrates cenchria,Reptilia,Serpentes,Boidae,Epicrates,LB,BY,,,10,live,,T,C
2020,II,Epicrates cenchria,Reptilia,Serpentes,Boidae,Epicrates,RU,BY,,,5,live,,B,C
2020,II,Cephalophus dorsalis,Mammalia,Artiodactyla,Bovidae,Cephalophus,US,CM,,,2,trophies,,H,W
2020,II,Cephalophus dorsalis,Mammalia,Artiodactyla,Bovidae,Cephalophus,ZA,CM,,,1,trophies,,H,W
2020,II,Cephalophus silvicultor,Mammalia,Artiodactyla,Bovidae,Cephalophus,RU,CM,,,1,trophies,,H,W
2020,II,Damaliscus pygargus,Mammalia,Artiodactyla,Bovidae,Damaliscus,ML,ZA,,60,,unspecified,,,
2020,II,Ovis cycloceros cycloceros,Mammalia,Artiodactyla,Bovidae,Ovis,AT,PK,,,1,trophies,,H,W
2020,II,Ovis cycloceros cycloceros,Mammalia,Artiodactyla,Bovidae,Ovis,DE,PK,,,1,trophies,,H,W
2020,II,Ovis cycloceros cycloceros,Mammalia,Artiodactyla,Bovidae,Ovis,SE,PK,,,1,trophies,,H,W
2020,II,Ovis cycloceros cycloceros,Mammalia,Artiodactyla,Bovidae,Ovis,US,PK,,,3,trophies,,H,W
2020,II,Ovis punjabiensis,Mammalia,Artiodactyla,Bovidae,Ovis,AT,PK,,,1,trophies,,H,W
2020,II,Ovis punjabiensis,Mammalia,Artiodactyla,Bovidae,Ovis,DE,PK,,,1,trophies,,H,W
2020,II,Ovis punjabiensis,Mammalia,Artiodactyla,Bovidae,Ovis,ES,PK,,,3,trophies,,H,W
2020,II,Ovis punjabiensis,Mammalia,Artiodactyla,Bovidae,Ovis,IT,PK,,,2,trophies,,H,W
2020,II,Ovis punjabiensis,Mammalia,Artiodactyla,Bovidae,Ovis,RU,PK,,,3,trophies,,H,W
2020,II,Ovis punjabiensis,Mammalia,Artiodactyla,Bovidae,Ovis,US,PK,,,5,trophies,,H,W
2020,II,Philantomba monticola,Mammalia,Artiodactyla,Bovidae,Philantomba,ES,CM,,,1,trophies,,H,W
2020,II,Philantomba monticola,Mammalia,Artiodactyla,Bovidae,Philantomba,MX,CM,,,1,trophies,,H,W
2020,II,Philantomba monticola,Mammalia,Artiodactyla,Bovidae,Philantomba,RU,CM,,,1,skulls,,H,W
2020,II,Philantomba monticola,Mammalia,Artiodactyla,Bovidae,Philantomba,RU,CM,,,1,trophies,,H,W
2020,II,Philantomba monticola,Mammalia,Artiodactyla,Bovidae,Philantomba,US,CM,,,1,trophies,,H,W
2020,II,Cacatua alba,Aves,Psittaciformes,Cacatuidae,Cacatua,TT,BB,,2,,live,,T,C
2020,II,Cacatua alba,Aves,Psittaciformes,Cacatuidae,Cacatua,UA,MD,UA,,1,live,,Q,C
2020,II,Cacatua ducorpsii,Aves,Psittaciformes,Cacatuidae,Cacatua,SG,LK,,,6,live,,T,C
2020,II,Cacatua galerita,Aves,Psittaciformes,Cacatuidae,Cacatua,LK,PH,,4,,live,,B,C
2020,II,Cacatua ophthalmica,Aves,Psittaciformes,Cacatuidae,Cacatua,LK,PH,,4,,live,,B,C
2020,II,Eolophus roseicapilla,Aves,Psittaciformes,Cacatuidae,Eolophus,LK,PH,,4,,live,,B,C
2020,II,Eolophus roseicapilla,Aves,Psittaciformes,Cacatuidae,Eolophus,TR,IQ,XX,,1,live,,P,F
2020,II,Canis lupus,Mammalia,Carnivora,Canidae,Canis,MD,RU,,2,,live,,Z,C
2020,II,Canis lupus,Mammalia,Carnivora,Canidae,Canis,PL,BY,,,31,specimens,,S,W
2020,II,Carcharhinus falciformis,Elasmobranchii,Carcharhiniformes,Carcharhinidae,Carcharhinus,HK,LK,,,55097.2,fins,kg,T,W
2020,II,Carcharhinus falciformis,Elasmobranchii,Carcharhiniformes,Carcharhinidae,Carcharhinus,HK,LK,,,55700,skins,kg,T,W
2020,II,Carcharhinus falciformis,Elasmobranchii,Carcharhiniformes,Carcharhinidae,Carcharhinus,IT,CV,,,1,specimens,,S,W
2020,II,Carcharhinus falciformis,Elasmobranchii,Carcharhiniformes,Carcharhinidae,Carcharhinus,NZ,LK,,,180,bodies,kg,T,W
2020,II,Carcharhinus falciformis,Elasmobranchii,Carcharhiniformes,Carcharhinidae,Carcharhinus,SG,LK,,,2100,fins,kg,T,W
2020,II,Carcharhinus longimanus,Elasmobranchii,Carcharhiniformes,Carcharhinidae,Carcharhinus,HK,LK,,,1500,fins,kg,T,W
2020,II,Euphyllia cristata,Anthozoa,Scleractinia,Caryophylliidae,Euphyllia,LK,AU,,300,,live,,B,C
2020,II,Euphyllia paraancora,Anthozoa,Scleractinia,Caryophylliidae,Euphyllia,LK,AU,,300,,live,,B,C
2020,II,Saimiri sciureus,Mammalia,Primates,Cebidae,Saimiri,MD,RU,,3,,live,,Z,C
2020,II,Cercocebus chrysogaster,Mammalia,Primates,Cercopithecidae,Cercocebus,CD,ZW,,11,,live,,L,I
2020,II,Cercopithecus hamlyni,Mammalia,Primates,Cercopithecidae,Cercopithecus,TG,CD,,,9,live,,T,W
2020,II,Cercopithecus kandti,Mammalia,Primates,Cercopithecidae,Cercopithecus,TG,CD,,,4,live,,T,W
2020,II,Cercopithecus lhoesti,Mammalia,Primates,Cercopithecidae,Cercopithecus,CD,ZW,,2,,live,,L,I
2020,II,Cercopithecus neglectus,Mammalia,Primates,Cercopithecidae,Cercopithecus,AF,CD,,,5,live,,T,W
2020,II,Cercopithecus nictitans,Mammalia,Primates,Cercopithecidae,Cercopithecus,AE,CD,,,10,live,,T,W
2020,II,Cercopithecus nictitans,Mammalia,Primates,Cercopithecidae,Cercopithecus,AF,CD,,,5,live,,T,W
2020,II,Cercopithecus nictitans,Mammalia,Primates,Cercopithecidae,Cercopithecus,CD,ZW,,5,,live,,L,I
2020,II,Cercopithecus wolfi,Mammalia,Primates,Cercopithecidae,Cercopithecus,AF,CD,,,5,live,,T,W
2020,II,Colobus guereza,Mammalia,Primates,Cercopithecidae,Colobus,US,ET,,,2,trophies,,H,W
2020,II,Erythrocebus patas,Mammalia,Primates,Cercopithecidae,Erythrocebus,US,CM,,,1,trophies,,H,W
2020,II,Lophocebus albigena,Mammalia,Primates,Cercopithecidae,Lophocebus,CD,ZW,,2,,live,,L,I
2020,II,Lophocebus aterrimus,Mammalia,Primates,Cercopithecidae,Lophocebus,AF,CD,,,5,live,,T,W
2020,II,Macaca nemestrina,Mammalia,Primates,Cercopithecidae,Macaca,UA,BY,RU,,2,live,,Q,C
2020,II,Macaca nemestrina,Mammalia,Primates,Cercopithecidae,Macaca,UA,BY,UA,,1,live,,Q,C
2020,II,Macaca nemestrina,Mammalia,Primates,Cercopithecidae,Macaca,UA,BY,,,1,live,,Q,C
2020,II,Papio anubis,Mammalia,Primates,Cercopithecidae,Papio,CZ,CM,,,1,trophies,,H,W
2020,II,Papio anubis,Mammalia,Primates,Cercopithecidae,Papio,DE,CM,,,1,trophies,,H,W
2020,II,Papio anubis,Mammalia,Primates,Cercopithecidae,Papio,ES,CM,,,2,trophies,,H,W
2020,II,Papio anubis,Mammalia,Primates,Cercopithecidae,Papio,FR,CM,,,3,trophies,,H,W
2020,II,Papio anubis,Mammalia,Primates,Cercopithecidae,Papio,IT,CM,,,1,trophies,,H,W
2020,II,Papio anubis,Mammalia,Primates,Cercopithecidae,Papio,LU,CM,,,1,trophies,,H,W
2020,II,Papio anubis,Mammalia,Primates,Cercopithecidae,Papio,RU,CM,,,1,skulls,,H,W
2020,II,Papio anubis,Mammalia,Primates,Cercopithecidae,Papio,RU,CM,,,3,trophies,,H,W
2020,II,Papio anubis,Mammalia,Primates,Cercopithecidae,Papio,SZ,CM,,,2,trophies,,H,W
2020,II,Papio anubis,Mammalia,Primates,Cercopithecidae,Papio,US,CM,,,5,trophies,,H,W
2020,II,Papio hamadryas,Mammalia,Primates,Cercopithecidae,Papio,US,ET,,,1,trophies,,H,W
2020,II,Papio ursinus,Mammalia,Primates,Cercopithecidae,Papio,FI,ZA,,2,,skulls,,H,W
2020,II,Papio ursinus,Mammalia,Primates,Cercopithecidae,Papio,FI,ZA,,1,,trophies,,H,W
2020,II,Theropithecus gelada,Mammalia,Primates,Cercopithecidae,Theropithecus,US,ET,,,50,specimens,mg,S,W
2020,II,Theropithecus gelada,Mammalia,Primates,Cercopithecidae,Theropithecus,US,ET,,,225,specimens,,S,W
2020,II,Furcifer willsii,Reptilia,Sauria,Chamaeleonidae,Furcifer,JP,MG,,,5,live,,T,W
2020,II,Rhampholeon spectrum,Reptilia,Sauria,Chamaeleonidae,Rhampholeon,ES,CM,,,150,live,,T,W
2020,II,Rhampholeon spectrum,Reptilia,Sauria,Chamaeleonidae,Rhampholeon,US,CM,,,150,live,,T,W
2020,II,Trioceros cristatus,Reptilia,Sauria,Chamaeleonidae,Trioceros,CA,CM,,,10,live,,T,W
2020,II,Trioceros cristatus,Reptilia,Sauria,Chamaeleonidae,Trioceros,ES,CM,,,260,live,,T,W
2020,II,Trioceros cristatus,Reptilia,Sauria,Chamaeleonidae,Trioceros,GB,CM,,,10,live,,T,W
2020,II,Trioceros cristatus,Reptilia,Sauria,Chamaeleonidae,Trioceros,JP,CM,,,32,live,,T,W
2020,II,Trioceros cristatus,Reptilia,Sauria,Chamaeleonidae,Trioceros,VN,CM,,,80,live,,T,W
2020,II,Trioceros johnstoni,Reptilia,Sauria,Chamaeleonidae,Trioceros,US,CD,,,500,live,,T,W
2020,II,Trioceros oweni,Reptilia,Sauria,Chamaeleonidae,Trioceros,JP,CM,,,17,live,,T,W
2020,II,Trioceros oweni,Reptilia,Sauria,Chamaeleonidae,Trioceros,VN,CM,,,20,live,,T,W
2020,II,Trioceros serratus,Reptilia,Sauria,Chamaeleonidae,Trioceros,CA,CM,,,62,live,,T,W
2020,II,Trioceros serratus,Reptilia,Sauria,Chamaeleonidae,Trioceros,JP,CM,,,16,live,,T,W
2020,II,Ptyas mucosus,Reptilia,Serpentes,Colubridae,Ptyas,US,CO,ID,,1,leather products (small),,T,W
2020,II,Goura victoria,Aves,Columbiformes,Columbidae,Goura,LK,PH,,2,,live,,B,C
2020,II,Crocodylus niloticus,Reptilia,Crocodylia,Crocodylidae,Crocodylus,CH,MG,,,55,leather products (small),,Q,C
2020,II,Crocodylus niloticus,Reptilia,Crocodylia,Crocodylidae,Crocodylus,FI,ZA,,2,,rug,,H,W
2020,II,Crocodylus niloticus,Reptilia,Crocodylia,Crocodylidae,Crocodylus,MO,FR,ZW,4,,leather products (small),,T,R
2020,II,Crocodylus niloticus,Reptilia,Crocodylia,Crocodylidae,Crocodylus,MO,IT,ZA,1,,leather products (small),,T,C
2020,II,Crocodylus niloticus,Reptilia,Crocodylia,Crocodylidae,Crocodylus,MO,IT,ZW,22,,leather products (small),,T,C
2020,II,Crocodylus niloticus,Reptilia,Crocodylia,Crocodylidae,Crocodylus,XX,MW,,,3420,live,,N,W
2020,II,Crocodylus porosus,Reptilia,Crocodylia,Crocodylidae,Crocodylus,MO,FR,AU,31,,leather products (small),,T,R
2020,II,Duncanopsammia axifuga,Anthozoa,Scleractinia,Dendrophylliidae,Duncanopsammia,LK,AU,,400,,live,,B,C
2020,II,Duncanopsammia axifuga,Anthozoa,Scleractinia,Dendrophylliidae,Duncanopsammia,LK,VN,,1500,,live,,B,C
2020,II,Duncanopsammia axifuga,Anthozoa,Scleractinia,Dendrophylliidae,Duncanopsammia,LK,VN,,20,,live,,T,C
2020,II,Caulastraea curvata,Anthozoa,Scleractinia,Faviidae,Caulastraea,LK,VN,,10,,live,,T,C
2020,II,Caulastraea furcata,Anthozoa,Scleractinia,Faviidae,Caulastraea,LK,VN,,1500,,live,,B,C
2020,II,Leptailurus serval,Mammalia,Carnivora,Felidae,Leptailurus,LT,CM,,,1,trophies,,H,W
2020,II,Leptailurus serval,Mammalia,Carnivora,Felidae,Leptailurus,MD,RU,,2,,live,,Z,C
2020,II,Panthera leo,Mammalia,Carnivora,Felidae,Panthera,FI,ZA,,5,,trophies,,H,C
2020,II,Panthera leo,Mammalia,Carnivora,Felidae,Panthera,RU,CM,,,2,trophies,,H,W
2020,II,Panthera leo,Mammalia,Carnivora,Felidae,Panthera,SZ,CM,,,1,trophies,,H,W
2020,II,Galago moholi,Mammalia,Primates,Galagidae,Galago,TH,CD,,,120,live,,T,W
2020,II,Otolemur crassicaudatus,Mammalia,Primates,Galagidae,Otolemur,TG,CD,,,50,live,,T,W
2020,II,Otolemur crassicaudatus,Mammalia,Primates,Galagidae,Otolemur,TH,CD,,,65,live,,T,W
2020,II,Giraffa camelopardalis,Mammalia,Artiodactyla,Giraffidae,Giraffa,ML,SN,,6,,unspecified,,,
2020,II,Giraffa camelopardalis,Mammalia,Artiodactyla,Giraffidae,Giraffa,ML,ZA,,9,,unspecified,,,
2020,II,Giraffa camelopardalis,Mammalia,Artiodactyla,Giraffidae,Giraffa,MW,ZW,,4,,live,,N,W
2020,II,Glaucostegus spp.,Elasmobranchii,Rhinopristiformes,Glaucostegidae,Glaucostegus,SG,LK,,,500,fins,kg,T,W
2020,II,Balearica regulorum,Aves,Gruiformes,Gruidae,Balearica,BD,CD,,,24,live,,T,W
2020,II,Grus antigone,Aves,Gruiformes,Gruidae,Grus,LK,BE,,4,,live,,Z,C
2020,II,Hippopotamus amphibius,Mammalia,Artiodactyla,Hippopotamidae,Hippopotamus,CH,CM,,,1,trophies,,H,W
2020,II,Hirudo medicinalis,Hirudinoidea,Arhynchobdellida,Hirudinidae,Hirudo,MD,RO,,1000,,live,,T,C
2020,II,Hirudo verbana,Hirudinoidea,Arhynchobdellida,Hirudinidae,Hirudo,CH,RS,,,1500,live,,T,F
2020,II,Holothuria fuscogilva,Holothuroidea,Holothuriida,Holothuriidae,Holothuria,HK,LK,,,154.5,bodies,kg,T,W
2020,II,Holothuria fuscogilva,Holothuroidea,Holothuriida,Holothuriidae,Holothuria,MY,LK,,,40,bodies,kg,T,W
2020,II,Holothuria nobilis,Holothuroidea,Holothuriida,Holothuriidae,Holothuria,HK,LK,,,193.5,bodies,kg,T,W
2020,II,Holothuria nobilis,Holothuroidea,Holothuriida,Holothuriidae,Holothuria,SG,LK,,,360,bodies,kg,T,W
2020,II,Isurus oxyrinchus,Elasmobranchii,Lamniformes,Lamnidae,Isurus,HK,LK,,,300,fins,kg,T,W
2020,II,Isurus oxyrinchus,Elasmobranchii,Lamniformes,Lamnidae,Isurus,SG,LK,,,600,fins,kg,T,W
2020,II,Isurus oxyrinchus,Elasmobranchii,Lamniformes,Lamnidae,Isurus,US,TT,,,10205.83,meat,kg,T,W
2020,II,Dalbergia spp.,,Fabales,Leguminosae,Dalbergia,CN,LA,,,31,leaves,,S,W
2020,II,Dalbergia cochinchinensis,,Fabales,Leguminosae,Dalbergia,GB,LA,,,116,leaves,,S,W
2020,II,Dalbergia cultrata,,Fabales,Leguminosae,Dalbergia,GB,LA,,,13,leaves,,S,W
2020,II,Dalbergia latifolia,,Fabales,Leguminosae,Dalbergia,MO,DE,XX,1.6,,wood product,kg,T,O
2020,II,Dalbergia oliveri,,Fabales,Leguminosae,Dalbergia,GB,LA,,,13,leaves,,S,W
2020,II,Dalbergia pinnata,,Fabales,Leguminosae,Dalbergia,CN,LA,,,31,leaves,,S,W
2020,II,Dalbergia sissoo,,Fabales,Leguminosae,Dalbergia,DE,PK,,,210,wood product,,T,A
2020,II,Dalbergia sissoo,,Fabales,Leguminosae,Dalbergia,GB,PK,,,910,wood product,,T,A
2020,II,Dalbergia sissoo,,Fabales,Leguminosae,Dalbergia,US,PK,,,47465,wood product,,T,A
2020,II,Guibourtia demeusei,,Fabales,Leguminosae,Guibourtia,CN,CD,,,158.074,logs,m3,T,W
2020,II,Guibourtia demeusei,,Fabales,Leguminosae,Guibourtia,TR,CD,,,26.696,logs,m3,T,W
2020,II,Pericopsis elata,,Fabales,Leguminosae,Pericopsis,BE,CD,,,499.086,logs,m3,T,W
2020,II,Pericopsis elata,,Fabales,Leguminosae,Pericopsis,BE,CD,,,1005.382,sawn wood,m3,T,W
2020,II,Pericopsis elata,,Fabales,Leguminosae,Pericopsis,CN,CD,,,16143.736,logs,m3,T,W
2020,II,Pericopsis elata,,Fabales,Leguminosae,Pericopsis,ES,CD,,,122.823,logs,m3,T,W
2020,II,Pericopsis elata,,Fabales,Leguminosae,Pericopsis,ES,CD,,,88.614,sawn wood,m3,T,W
2020,II,Pericopsis elata,,Fabales,Leguminosae,Pericopsis,IT,CD,,,63.747,logs,m3,T,W
2020,II,Pericopsis elata,,Fabales,Leguminosae,Pericopsis,JP,CD,,,40.044,logs,m3,T,W
2020,II,Pericopsis elata,,Fabales,Leguminosae,Pericopsis,KR,CD,,,45.831,logs,m3,T,W
2020,II,Pericopsis elata,,Fabales,Leguminosae,Pericopsis,KW,CD,,,28.908,logs,m3,T,W
2020,II,Pericopsis elata,,Fabales,Leguminosae,Pericopsis,KW,CD,,,55.483,sawn wood,m3,T,W
2020,II,Pericopsis elata,,Fabales,Leguminosae,Pericopsis,MY,CD,,,70.316,sawn wood,m3,T,W
2020,II,Pericopsis elata,,Fabales,Leguminosae,Pericopsis,PK,CD,,,15.056,sawn wood,m3,T,W
2020,II,Pericopsis elata,,Fabales,Leguminosae,Pericopsis,PT,CD,,,360.104,logs,m3,T,W
2020,II,Pericopsis elata,,Fabales,Leguminosae,Pericopsis,SA,CD,,,89.497,sawn wood,m3,T,W
2020,II,Pericopsis elata,,Fabales,Leguminosae,Pericopsis,TH,CD,,,22.831,logs,m3,T,W
2020,II,Pericopsis elata,,Fabales,Leguminosae,Pericopsis,TR,CD,,,173.983,logs,m3,T,W
2020,II,Pericopsis elata,,Fabales,Leguminosae,Pericopsis,TW,CD,,,1731.131,logs,m3,T,W
2020,II,Pericopsis elata,,Fabales,Leguminosae,Pericopsis,VN,CD,,,9481.891,logs,m3,T,W
2020,II,Pericopsis elata,,Fabales,Leguminosae,Pericopsis,XX,CD,,,46.601,logs,m3,T,W
2020,II,Pterocarpus erinaceus,,Fabales,Leguminosae,Pterocarpus,CN,ML,,,62418,sawn wood,m3,,
2020,II,Senna meridionalis,,Fabales,Leguminosae,Senna,JP,MG,,,20,live,,T,A
2020,II,Aloe macroclada,,Liliales,Liliaceae,Aloe,BF,MG,,,55,leaves,,T,A
2020,II,Chalcopsitta cardinalis,Aves,Psittaciformes,Loriidae,Chalcopsitta,SG,LK,,,2,live,,T,C
2020,II,Chalcopsitta sintillata,Aves,Psittaciformes,Loriidae,Chalcopsitta,SG,LK,,,4,live,,T,C
2020,II,Eos reticulata,Aves,Psittaciformes,Loriidae,Eos,SG,LK,,,4,live,,T,C
2020,II,Eos rubra,Aves,Psittaciformes,Loriidae,Eos,SG,LK,,,6,live,,T,C
2020,II,Glossopsitta concinna,Aves,Psittaciformes,Loriidae,Glossopsitta,LK,KW,,2,,live,,B,C
2020,II,Lorius garrulus,Aves,Psittaciformes,Loriidae,Lorius,MV,LK,,,2,live,,T,C
2020,II,Lorius lory,Aves,Psittaciformes,Loriidae,Lorius,MV,LK,,,2,live,,T,C
2020,II,Pseudeos fuscata,Aves,Psittaciformes,Loriidae,Pseudeos,MV,LK,,,1,live,,T,C
2020,II,Trichoglossus chlorolepidotus,Aves,Psittaciformes,Loriidae,Trichoglossus,LK,KW,,4,,live,,P,F
2020,II,Trichoglossus haematodus,Aves,Psittaciformes,Loriidae,Trichoglossus,SG,LK,,,10,live,,T,C
2020,II,Trichoglossus ornatus,Aves,Psittaciformes,Loriidae,Trichoglossus,MV,LK,,,2,live,,T,C
2020,II,Scaphiophryne spinosa,Amphibia,Anura,Microhylidae,Scaphiophryne,JP,MG,,,47,live,,T,W
2020,II,Moschus moschiferus,Mammalia,Artiodactyla,Moschidae,Moschus,HK,BY,RU,,32,musk,,T,W
2020,II,Tauraco persa,Aves,Cuculiformes,Musophagidae,Tauraco,AM,ML,,,150,live,,,
2020,II,Acanthastrea amakusensis,Anthozoa,Scleractinia,Mussidae,Acanthastrea,LK,AU,,300,,live,,B,C
2020,II,Blastomussa wellsi,Anthozoa,Scleractinia,Mussidae,Blastomussa,LK,VN,,20,,live,,T,C
2020,II,Scolymia australis,Anthozoa,Scleractinia,Mussidae,Scolymia,LK,AU,,300,,live,,B,C
2020,II,Scolymia australis,Anthozoa,Scleractinia,Mussidae,Scolymia,LK,VN,,20,,live,,T,C
2020,II,Manta spp.,Elasmobranchii,Myliobatiformes,Myliobatidae,Manta,HK,LK,,,300,gill plates,kg,T,W
2020,II,Manta birostris,Elasmobranchii,Myliobatiformes,Myliobatidae,Manta,HK,LK,,,1024.5,gill plates,kg,T,W
2020,II,Manta birostris,Elasmobranchii,Myliobatiformes,Myliobatidae,Manta,IT,CV,,,1,specimens,,S,W
2020,II,Mobula japanica,Elasmobranchii,Myliobatiformes,Myliobatidae,Mobula,HK,LK,,,7192.1,gill plates,kg,T,W
2020,II,Mobula japanica,Elasmobranchii,Myliobatiformes,Myliobatidae,Mobula,HK,LK,,,100,gill plates,,T,W
2020,II,Mobula mobular,Elasmobranchii,Myliobatiformes,Myliobatidae,Mobula,HK,LK,,,626.4,gill plates,kg,T,W
2020,II,Mobula mobular,Elasmobranchii,Myliobatiformes,Myliobatidae,Mobula,HK,LK,,,450,live,kg,T,W
2020,II,Mobula tarapacana,Elasmobranchii,Myliobatiformes,Myliobatidae,Mobula,HK,LK,,,3183.8,gill plates,kg,T,W
2020,II,Mobula tarapacana,Elasmobranchii,Myliobatiformes,Myliobatidae,Mobula,HK,LK,,,100,live,,T,W
2020,II,Nepenthes spp.,,Nepenthales,Nepenthaceae,Nepenthes,CA,LK,,,1020,live,,T,A
2020,II,Nepenthes spp.,,Nepenthales,Nepenthaceae,Nepenthes,GB,LK,,,27000,live,,T,A
2020,II,Nepenthes spp.,,Nepenthales,Nepenthaceae,Nepenthes,HK,LK,,,4380,live,,T,A
2020,II,Nepenthes spp.,,Nepenthales,Nepenthaceae,Nepenthes,JP,LK,,,1430,live,,T,A
2020,II,Nepenthes spp.,,Nepenthales,Nepenthaceae,Nepenthes,KR,LK,,,340,live,,T,A
2020,II,Nepenthes spp.,,Nepenthales,Nepenthaceae,Nepenthes,SG,LK,,,500,live,,T,A
2020,II,Nepenthes spp.,,Nepenthales,Nepenthaceae,Nepenthes,TH,LK,,,320,live,,T,A
2020,II,Nepenthes spp.,,Nepenthales,Nepenthaceae,Nepenthes,TW,LK,,,150,live,,T,A
2020,II,Nepenthes spp.,,Nepenthales,Nepenthaceae,Nepenthes,US,LK,,,6850,live,,T,A
2020,II,Nepenthes alata,,Nepenthales,Nepenthaceae,Nepenthes,GB,LK,,,2000,live,,T,A
2020,II,Nepenthes alata,,Nepenthales,Nepenthaceae,Nepenthes,US,LK,,,100,live,,T,A
2020,II,Nepenthes albomarginata,,Nepenthales,Nepenthaceae,Nepenthes,GB,LK,,,2000,live,,T,A
2020,II,Nepenthes albomarginata,,Nepenthales,Nepenthaceae,Nepenthes,MY,LK,,,70,live,,T,A
2020,II,Nepenthes albomarginata,,Nepenthales,Nepenthaceae,Nepenthes,US,LK,,,100,live,,T,A
2020,II,Nepenthes alisaputrana,,Nepenthales,Nepenthaceae,Nepenthes,GB,LK,,,1000,live,,T,A
2020,II,Nepenthes ampullaria,,Nepenthales,Nepenthaceae,Nepenthes,CA,LK,,,170,live,,T,A
2020,II,Nepenthes ampullaria,,Nepenthales,Nepenthaceae,Nepenthes,GB,LK,,,1000,live,,T,A
2020,II,Nepenthes ampullaria,,Nepenthales,Nepenthaceae,Nepenthes,HK,LK,,,200,live,,T,A
2020,II,Nepenthes ampullaria,,Nepenthales,Nepenthaceae,Nepenthes,JP,LK,,,380,live,,T,A
2020,II,Nepenthes ampullaria,,Nepenthales,Nepenthaceae,Nepenthes,KR,LK,,,70,live,,T,A
2020,II,Nepenthes ampullaria,,Nepenthales,Nepenthaceae,Nepenthes,MY,LK,,,70,live,,T,A
2020,II,Nepenthes ampullaria,,Nepenthales,Nepenthaceae,Nepenthes,SG,LK,,,170,live,,T,A
2020,II,Nepenthes ampullaria,,Nepenthales,Nepenthaceae,Nepenthes,US,LK,,,810,live,,T,A
2020,II,Nepenthes aristolochioides,,Nepenthales,Nepenthaceae,Nepenthes,GB,LK,,,1000,live,,T,A
2020,II,Nepenthes bellii,,Nepenthales,Nepenthaceae,Nepenthes,CA,LK,,,140,live,,T,A
2020,II,Nepenthes bellii,,Nepenthales,Nepenthaceae,Nepenthes,GB,LK,,,2000,live,,T,A
2020,II,Nepenthes bellii,,Nepenthales,Nepenthaceae,Nepenthes,HK,LK,,,570,live,,T,A
2020,II,Nepenthes bellii,,Nepenthales,Nepenthaceae,Nepenthes,JP,LK,,,170,live,,T,A
2020,II,Nepenthes bellii,,Nepenthales,Nepenthaceae,Nepenthes,KR,LK,,,50,live,,T,A
2020,II,Nepenthes bellii,,Nepenthales,Nepenthaceae,Nepenthes,SG,LK,,,70,live,,T,A
2020,II,Nepenthes bellii,,Nepenthales,Nepenthaceae,Nepenthes,TH,LK,,,70,live,,T,A
2020,II,Nepenthes bellii,,Nepenthales,Nepenthaceae,Nepenthes,US,LK,,,430,live,,T,A
2020,II,Nepenthes bicalcarata,,Nepenthales,Nepenthaceae,Nepenthes,CA,LK,,,170,live,,T,A
2020,II,Nepenthes bicalcarata,,Nepenthales,Nepenthaceae,Nepenthes,GB,LK,,,2000,live,,T,A
2020,II,Nepenthes bicalcarata,,Nepenthales,Nepenthaceae,Nepenthes,JP,LK,,,210,live,,T,A
2020,II,Nepenthes bicalcarata,,Nepenthales,Nepenthaceae,Nepenthes,KR,LK,,,70,live,,T,A
2020,II,Nepenthes bicalcarata,,Nepenthales,Nepenthaceae,Nepenthes,MY,LK,,,70,live,,T,A
2020,II,Nepenthes bicalcarata,,Nepenthales,Nepenthaceae,Nepenthes,SG,LK,,,50,live,,T,A
2020,II,Nepenthes bicalcarata,,Nepenthales,Nepenthaceae,Nepenthes,US,LK,,,870,live,,T,A
2020,II,Nepenthes bongso,,Nepenthales,Nepenthaceae,Nepenthes,GB,LK,,,1000,live,,T,A
2020,II,Nepenthes bongso,,Nepenthales,Nepenthaceae,Nepenthes,HK,LK,,,70,live,,T,A
2020,II,Nepenthes bongso,,Nepenthales,Nepenthaceae,Nepenthes,KR,LK,,,50,live,,T,A
2020,II,Nepenthes bongso,,Nepenthales,Nepenthaceae,Nepenthes,SG,LK,,,50,live,,T,A
2020,II,Nepenthes bongso,,Nepenthales,Nepenthaceae,Nepenthes,US,LK,,,200,live,,T,A
2020,II,Nepenthes boschiana,,Nepenthales,Nepenthaceae,Nepenthes,GB,LK,,,1000,live,,T,A
2020,II,Nepenthes boschiana,,Nepenthales,Nepenthaceae,Nepenthes,TH,LK,,,50,live,,T,A
2020,II,Nepenthes boschiana,,Nepenthales,Nepenthaceae,Nepenthes,US,LK,,,170,live,,T,A
2020,II,Nepenthes burbidgeae,,Nepenthales,Nepenthaceae,Nepenthes,GB,LK,,,2000,live,,T,A
2020,II,Nepenthes burbidgeae,,Nepenthales,Nepenthaceae,Nepenthes,HK,LK,,,50,live,,T,A
2020,II,Nepenthes burbidgeae,,Nepenthales,Nepenthaceae,Nepenthes,JP,LK,,,170,live,,T,A
2020,II,Nepenthes burbidgeae,,Nepenthales,Nepenthaceae,Nepenthes,US,LK,,,170,live,,T,A
2020,II,Nepenthes burkei,,Nepenthales,Nepenthaceae,Nepenthes,CA,LK,,,170,live,,T,A
2020,II,Nepenthes burkei,,Nepenthales,Nepenthaceae,Nepenthes,GB,LK,,,2000,live,,T,A
2020,II,Nepenthes burkei,,Nepenthales,Nepenthaceae,Nepenthes,HK,LK,,,320,live,,T,A
2020,II,Nepenthes burkei,,Nepenthales,Nepenthaceae,Nepenthes,JP,LK,,,170,live,,T,A
2020,II,Nepenthes burkei,,Nepenthales,Nepenthaceae,Nepenthes,SG,LK,,,50,live,,T,A
2020,II,Nepenthes burkei,,Nepenthales,Nepenthaceae,Nepenthes,US,LK,,,380,live,,T,A
2020,II,Nepenthes campanulata,,Nepenthales,Nepenthaceae,Nepenthes,GB,LK,,,2000,live,,T,A
2020,II,Nepenthes campanulata,,Nepenthales,Nepenthaceae,Nepenthes,HK,LK,,,240,live,,T,A
2020,II,Nepenthes campanulata,,Nepenthales,Nepenthaceae,Nepenthes,TH,LK,,,50,live,,T,A
2020,II,Nepenthes campanulata,,Nepenthales,Nepenthaceae,Nepenthes,US,LK,,,530,live,,T,A
2020,II,Nepenthes chang,,Nepenthales,Nepenthaceae,Nepenthes,HK,LK,,,50,live,,T,A
2020,II,Nepenthes cincta,,Nepenthales,Nepenthaceae,Nepenthes,GB,LK,,,1000,live,,T,A
2020,II,Nepenthes copelandii,,Nepenthales,Nepenthaceae,Nepenthes,GB,LK,,,2000,live,,T,A
2020,II,Nepenthes copelandii,,Nepenthales,Nepenthaceae,Nepenthes,HK,LK,,,70,live,,T,A
2020,II,Nepenthes copelandii,,Nepenthales,Nepenthaceae,Nepenthes,SG,LK,,,50,live,,T,A
2020,II,Nepenthes copelandii,,Nepenthales,Nepenthaceae,Nepenthes,US,LK,,,120,live,,T,A
2020,II,Nepenthes densiflora,,Nepenthales,Nepenthaceae,Nepenthes,CA,LK,,,120,live,,T,A
2020,II,Nepenthes densiflora,,Nepenthales,Nepenthaceae,Nepenthes,GB,LK,,,2000,live,,T,A
2020,II,Nepenthes densiflora,,Nepenthales,Nepenthaceae,Nepenthes,HK,LK,,,220,live,,T,A
2020,II,Nepenthes densiflora,,Nepenthales,Nepenthaceae,Nepenthes,JP,LK,,,50,live,,T,A
2020,II,Nepenthes densiflora,,Nepenthales,Nepenthaceae,Nepenthes,SG,LK,,,50,live,,T,A
2020,II,Nepenthes densiflora,,Nepenthales,Nepenthaceae,Nepenthes,TH,LK,,,50,live,,T,A
2020,II,Nepenthes densiflora,,Nepenthales,Nepenthaceae,Nepenthes,US,LK,,,310,live,,T,A
2020,II,Nepenthes diatas,,Nepenthales,Nepenthaceae,Nepenthes,CA,LK,,,50,live,,T,A
2020,II,Nepenthes diatas,,Nepenthales,Nepenthaceae,Nepenthes,GB,LK,,,3000,live,,T,A
2020,II,Nepenthes diatas,,Nepenthales,Nepenthaceae,Nepenthes,HK,LK,,,620,live,,T,A
2020,II,Nepenthes diatas,,Nepenthales,Nepenthaceae,Nepenthes,JP,LK,,,50,live,,T,A
2020,II,Nepenthes diatas,,Nepenthales,Nepenthaceae,Nepenthes,TH,LK,,,50,live,,T,A
2020,II,Nepenthes diatas,,Nepenthales,Nepenthaceae,Nepenthes,US,LK,,,360,live,,T,A
2020,II,Nepenthes dubia,,Nepenthales,Nepenthaceae,Nepenthes,GB,LK,,,1000,live,,T,A
2020,II,Nepenthes eymae,,Nepenthales,Nepenthaceae,Nepenthes,CA,LK,,,170,live,,T,A
2020,II,Nepenthes eymae,,Nepenthales,Nepenthaceae,Nepenthes,GB,LK,,,4000,live,,T,A
2020,II,Nepenthes eymae,,Nepenthales,Nepenthaceae,Nepenthes,HK,LK,,,730,live,,T,A
2020,II,Nepenthes eymae,,Nepenthales,Nepenthaceae,Nepenthes,JP,LK,,,300,live,,T,A
2020,II,Nepenthes eymae,,Nepenthales,Nepenthaceae,Nepenthes,KR,LK,,,50,live,,T,A
2020,II,Nepenthes eymae,,Nepenthales,Nepenthaceae,Nepenthes,TH,LK,,,70,live,,T,A
2020,II,Nepenthes eymae,,Nepenthales,Nepenthaceae,Nepenthes,TW,LK,,,50,live,,T,A
2020,II,Nepenthes eymae,,Nepenthales,Nepenthaceae,Nepenthes,US,LK,,,550,live,,T,A
2020,II,Nepenthes flava,,Nepenthales,Nepenthaceae,Nepenthes,CA,LK,,,100,live,,T,A
2020,II,Nepenthes flava,,Nepenthales,Nepenthaceae,Nepenthes,GB,LK,,,2000,live,,T,A
2020,II,Nepenthes flava,,Nepenthales,Nepenthaceae,Nepenthes,HK,LK,,,390,live,,T,A
2020,II,Nepenthes flava,,Nepenthales,Nepenthaceae,Nepenthes,JP,LK,,,410,live,,T,A
2020,II,Nepenthes flava,,Nepenthales,Nepenthaceae,Nepenthes,SG,LK,,,50,live,,T,A
2020,II,Nepenthes flava,,Nepenthales,Nepenthaceae,Nepenthes,TH,LK,,,50,live,,T,A
2020,II,Nepenthes flava,,Nepenthales,Nepenthaceae,Nepenthes,US,LK,,,320,live,,T,A
2020,II,Nepenthes fusca,,Nepenthales,Nepenthaceae,Nepenthes,CA,LK,,,260,live,,T,A
2020,II,Nepenthes fusca,,Nepenthales,Nepenthaceae,Nepenthes,GB,LK,,,2000,live,,T,A
2020,II,Nepenthes fusca,,Nepenthales,Nepenthaceae,Nepenthes,HK,LK,,,700,live,,T,A
2020,II,Nepenthes fusca,,Nepenthales,Nepenthaceae,Nepenthes,JP,LK,,,170,live,,T,A
2020,II,Nepenthes fusca,,Nepenthales,Nepenthaceae,Nepenthes,KR,LK,,,70,live,,T,A
2020,II,Nepenthes fusca,,Nepenthales,Nepenthaceae,Nepenthes,SG,LK,,,150,live,,T,A
2020,II,Nepenthes fusca,,Nepenthales,Nepenthaceae,Nepenthes,TH,LK,,,50,live,,T,A
2020,II,Nepenthes fusca,,Nepenthales,Nepenthaceae,Nepenthes,US,LK,,,570,live,,T,A
2020,II,Nepenthes glabrata,,Nepenthales,Nepenthaceae,Nepenthes,GB,LK,,,1000,live,,T,A
2020,II,Nepenthes gracilis,,Nepenthales,Nepenthaceae,Nepenthes,GB,LK,,,1000,live,,T,A
2020,II,Nepenthes gymnamphora,,Nepenthales,Nepenthaceae,Nepenthes,CA,LK,,,50,live,,T,A
2020,II,Nepenthes gymnamphora,,Nepenthales,Nepenthaceae,Nepenthes,GB,LK,,,3000,live,,T,A
2020,II,Nepenthes gymnamphora,,Nepenthales,Nepenthaceae,Nepenthes,HK,LK,,,410,live,,T,A
2020,II,Nepenthes gymnamphora,,Nepenthales,Nepenthaceae,Nepenthes,JP,LK,,,50,live,,T,A
2020,II,Nepenthes gymnamphora,,Nepenthales,Nepenthaceae,Nepenthes,SG,LK,,,50,live,,T,A
2020,II,Nepenthes gymnamphora,,Nepenthales,Nepenthaceae,Nepenthes,TW,LK,,,50,live,,T,A
2020,II,Nepenthes gymnamphora,,Nepenthales,Nepenthaceae,Nepenthes,US,LK,,,190,live,,T,A
2020,II,Nepenthes hamata,,Nepenthales,Nepenthaceae,Nepenthes,CA,LK,,,190,live,,T,A
2020,II,Nepenthes hamata,,Nepenthales,Nepenthaceae,Nepenthes,GB,LK,,,3000,live,,T,A
2020,II,Nepenthes hamata,,Nepenthales,Nepenthaceae,Nepenthes,HK,LK,,,270,live,,T,A
2020,II,Nepenthes hamata,,Nepenthales,Nepenthaceae,Nepenthes,JP,LK,,,740,live,,T,A
2020,II,Nepenthes hamata,,Nepenthales,Nepenthaceae,Nepenthes,KR,LK,,,50,live,,T,A
2020,II,Nepenthes hamata,,Nepenthales,Nepenthaceae,Nepenthes,SG,LK,,,100,live,,T,A
2020,II,Nepenthes hamata,,Nepenthales,Nepenthaceae,Nepenthes,TH,LK,,,50,live,,T,A
2020,II,Nepenthes hamata,,Nepenthales,Nepenthaceae,Nepenthes,US,LK,,,1310,live,,T,A
2020,II,Nepenthes harryana,,Nepenthales,Nepenthaceae,Nepenthes,GB,LK,,,1000,live,,T,A
2020,II,Nepenthes hirsuta,,Nepenthales,Nepenthaceae,Nepenthes,GB,LK,,,1000,live,,T,A
2020,II,Nepenthes hybrid,,Nepenthales,Nepenthaceae,Nepenthes,CA,LK,,,6670,live,,T,A
2020,II,Nepenthes hybrid,,Nepenthales,Nepenthaceae,Nepenthes,GB,LK,,,194000,live,,T,A
2020,II,Nepenthes hybrid,,Nepenthales,Nepenthaceae,Nepenthes,HK,LK,,,36590,live,,T,A
2020,II,Nepenthes hybrid,,Nepenthales,Nepenthaceae,Nepenthes,JP,LK,,,12320,live,,T,A
2020,II,Nepenthes hybrid,,Nepenthales,Nepenthaceae,Nepenthes,JP,LK,,,50,live,,T,D
2020,II,Nepenthes hybrid,,Nepenthales,Nepenthaceae,Nepenthes,KR,LK,,,690,live,,T,A
2020,II,Nepenthes hybrid,,Nepenthales,Nepenthaceae,Nepenthes,MY,LK,,,730,live,,T,A
2020,II,Nepenthes hybrid,,Nepenthales,Nepenthaceae,Nepenthes,SG,LK,,,4660,live,,T,A
2020,II,Nepenthes hybrid,,Nepenthales,Nepenthaceae,Nepenthes,TH,LK,,,4060,live,,T,A
2020,II,Nepenthes hybrid,,Nepenthales,Nepenthaceae,Nepenthes,TW,LK,,,750,live,,T,A
2020,II,Nepenthes hybrid,,Nepenthales,Nepenthaceae,Nepenthes,US,LK,,,47350,live,,T,A
2020,II,Nepenthes insignis,,Nepenthales,Nepenthaceae,Nepenthes,GB,LK,,,2000,live,,T,A
2020,II,Nepenthes jacquelineae,,Nepenthales,Nepenthaceae,Nepenthes,CA,LK,,,170,live,,T,A
2020,II,Nepenthes jacquelineae,,Nepenthales,Nepenthaceae,Nepenthes,GB,LK,,,3000,live,,T,A
2020,II,Nepenthes jacquelineae,,Nepenthales,Nepenthaceae,Nepenthes,HK,LK,,,1050,live,,T,A
2020,II,Nepenthes jacquelineae,,Nepenthales,Nepenthaceae,Nepenthes,JP,LK,,,510,live,,T,A
2020,II,Nepenthes jacquelineae,,Nepenthales,Nepenthaceae,Nepenthes,KR,LK,,,70,live,,T,A
2020,II,Nepenthes jacquelineae,,Nepenthales,Nepenthaceae,Nepenthes,SG,LK,,,100,live,,T,A
2020,II,Nepenthes jacquelineae,,Nepenthales,Nepenthaceae,Nepenthes,TH,LK,,,70,live,,T,A
2020,II,Nepenthes jacquelineae,,Nepenthales,Nepenthaceae,Nepenthes,TW,LK,,,50,live,,T,A
2020,II,Nepenthes jacquelineae,,Nepenthales,Nepenthaceae,Nepenthes,US,LK,,,1050,live,,T,A
2020,II,Nepenthes jamban,,Nepenthales,Nepenthaceae,Nepenthes,GB,LK,,,3000,live,,T,A
2020,II,Nepenthes jamban,,Nepenthales,Nepenthaceae,Nepenthes,HK,LK,,,780,live,,T,A
2020,II,Nepenthes jamban,,Nepenthales,Nepenthaceae,Nepenthes,JP,LK,,,400,live,,T,A
2020,II,Nepenthes jamban,,Nepenthales,Nepenthaceae,Nepenthes,SG,LK,,,70,live,,T,A
2020,II,Nepenthes jamban,,Nepenthales,Nepenthaceae,Nepenthes,TH,LK,,,70,live,,T,A
2020,II,Nepenthes jamban,,Nepenthales,Nepenthaceae,Nepenthes,US,LK,,,480,live,,T,A
2020,II,Nepenthes klossii,,Nepenthales,Nepenthaceae,Nepenthes,CA,LK,,,120,live,,T,A
2020,II,Nepenthes klossii,,Nepenthales,Nepenthaceae,Nepenthes,GB,LK,,,3000,live,,T,A
2020,II,Nepenthes klossii,,Nepenthales,Nepenthaceae,Nepenthes,HK,LK,,,600,live,,T,A
2020,II,Nepenthes klossii,,Nepenthales,Nepenthaceae,Nepenthes,JP,LK,,,390,live,,T,A
2020,II,Nepenthes klossii,,Nepenthales,Nepenthaceae,Nepenthes,SG,LK,,,100,live,,T,A
2020,II,Nepenthes klossii,,Nepenthales,Nepenthaceae,Nepenthes,TH,LK,,,50,live,,T,A
2020,II,Nepenthes klossii,,Nepenthales,Nepenthaceae,Nepenthes,US,LK,,,510,live,,T,A
2020,II,Nepenthes lamii,,Nepenthales,Nepenthaceae,Nepenthes,GB,LK,,,2000,live,,T,A
2020,II,Nepenthes lamii,,Nepenthales,Nepenthaceae,Nepenthes,HK,LK,,,50,live,,T,A
2020,II,Nepenthes lamii,,Nepenthales,Nepenthaceae,Nepenthes,US,LK,,,50,live,,T,A
2020,II,Nepenthes longifolia,,Nepenthales,Nepenthaceae,Nepenthes,CA,LK,,,70,live,,T,A
2020,II,Nepenthes longifolia,,Nepenthales,Nepenthaceae,Nepenthes,GB,LK,,,2000,live,,T,A
2020,II,Nepenthes longifolia,,Nepenthales,Nepenthaceae,Nepenthes,HK,LK,,,350,live,,T,A
2020,II,Nepenthes longifolia,,Nepenthales,Nepenthaceae,Nepenthes,JP,LK,,,170,live,,T,A
2020,II,Nepenthes longifolia,,Nepenthales,Nepenthaceae,Nepenthes,KR,LK,,,50,live,,T,A
2020,II,Nepenthes longifolia,,Nepenthales,Nepenthaceae,Nepenthes,SG,LK,,,50,live,,T,A
2020,II,Nepenthes longifolia,,Nepenthales,Nepenthaceae,Nepenthes,US,LK,,,430,live,,T,A
2020,II,Nepenthes lowii,,Nepenthales,Nepenthaceae,Nepenthes,CA,LK,,,50,live,,T,A
2020,II,Nepenthes lowii,,Nepenthales,Nepenthaceae,Nepenthes,GB,LK,,,3000,live,,T,A
2020,II,Nepenthes lowii,,Nepenthales,Nepenthaceae,Nepenthes,HK,LK,,,190,live,,T,A
2020,II,Nepenthes lowii,,Nepenthales,Nepenthaceae,Nepenthes,JP,LK,,,190,live,,T,A
2020,II,Nepenthes lowii,,Nepenthales,Nepenthaceae,Nepenthes,KR,LK,,,50,live,,T,A
2020,II,Nepenthes lowii,,Nepenthales,Nepenthaceae,Nepenthes,US,LK,,,430,live,,T,A
2020,II,Nepenthes madagascariensis,,Nepenthales,Nepenthaceae,Nepenthes,CA,LK,,,120,live,,T,A
2020,II,Nepenthes madagascariensis,,Nepenthales,Nepenthaceae,Nepenthes,GB,LK,,,2000,live,,T,A
2020,II,Nepenthes madagascariensis,,Nepenthales,Nepenthaceae,Nepenthes,HK,LK,,,70,live,,T,A
2020,II,Nepenthes madagascariensis,,Nepenthales,Nepenthaceae,Nepenthes,JP,LK,,,250,live,,T,A
2020,II,Nepenthes madagascariensis,,Nepenthales,Nepenthaceae,Nepenthes,TH,LK,,,70,live,,T,A
2020,II,Nepenthes madagascariensis,,Nepenthales,Nepenthaceae,Nepenthes,US,LK,,,430,live,,T,A
2020,II,Nepenthes maxima,,Nepenthales,Nepenthaceae,Nepenthes,CA,LK,,,120,live,,T,A
2020,II,Nepenthes maxima,,Nepenthales,Nepenthaceae,Nepenthes,GB,LK,,,3000,live,,T,A
2020,II,Nepenthes maxima,,Nepenthales,Nepenthaceae,Nepenthes,HK,LK,,,270,live,,T,A
2020,II,Nepenthes maxima,,Nepenthales,Nepenthaceae,Nepenthes,JP,LK,,,120,live,,T,A
2020,II,Nepenthes maxima,,Nepenthales,Nepenthaceae,Nepenthes,TH,LK,,,50,live,,T,A
2020,II,Nepenthes maxima,,Nepenthales,Nepenthaceae,Nepenthes,US,LK,,,960,live,,T,A
2020,II,Nepenthes merrilliana,,Nepenthales,Nepenthaceae,Nepenthes,CA,LK,,,50,live,,T,A
2020,II,Nepenthes merrilliana,,Nepenthales,Nepenthaceae,Nepenthes,GB,LK,,,1000,live,,T,A
2020,II,Nepenthes merrilliana,,Nepenthales,Nepenthaceae,Nepenthes,HK,LK,,,400,live,,T,A
2020,II,Nepenthes merrilliana,,Nepenthales,Nepenthaceae,Nepenthes,JP,LK,,,120,live,,T,A
2020,II,Nepenthes merrilliana,,Nepenthales,Nepenthaceae,Nepenthes,KR,LK,,,70,live,,T,A
2020,II,Nepenthes merrilliana,,Nepenthales,Nepenthaceae,Nepenthes,US,LK,,,610,live,,T,A
2020,II,Nepenthes mira,,Nepenthales,Nepenthaceae,Nepenthes,CA,LK,,,120,live,,T,A
2020,II,Nepenthes mira,,Nepenthales,Nepenthaceae,Nepenthes,GB,LK,,,1000,live,,T,A
2020,II,Nepenthes mira,,Nepenthales,Nepenthaceae,Nepenthes,HK,LK,,,240,live,,T,A
2020,II,Nepenthes mira,,Nepenthales,Nepenthaceae,Nepenthes,JP,LK,,,300,live,,T,A
2020,II,Nepenthes mira,,Nepenthales,Nepenthaceae,Nepenthes,TH,LK,,,50,live,,T,A
2020,II,Nepenthes mira,,Nepenthales,Nepenthaceae,Nepenthes,US,LK,,,260,live,,T,A
2020,II,Nepenthes mirabilis,,Nepenthales,Nepenthaceae,Nepenthes,CA,LK,,,220,live,,T,A
2020,II,Nepenthes mirabilis,,Nepenthales,Nepenthaceae,Nepenthes,GB,LK,,,2000,live,,T,A
2020,II,Nepenthes mirabilis,,Nepenthales,Nepenthaceae,Nepenthes,HK,LK,,,140,live,,T,A
2020,II,Nepenthes mirabilis,,Nepenthales,Nepenthaceae,Nepenthes,JP,LK,,,70,live,,T,A
2020,II,Nepenthes mirabilis,,Nepenthales,Nepenthaceae,Nepenthes,KR,LK,,,70,live,,T,A
2020,II,Nepenthes mirabilis,,Nepenthales,Nepenthaceae,Nepenthes,US,LK,,,370,live,,T,A
2020,II,Nepenthes northiana,,Nepenthales,Nepenthaceae,Nepenthes,CA,LK,,,170,live,,T,A
2020,II,Nepenthes northiana,,Nepenthales,Nepenthaceae,Nepenthes,GB,LK,,,2000,live,,T,A
2020,II,Nepenthes northiana,,Nepenthales,Nepenthaceae,Nepenthes,HK,LK,,,410,live,,T,A
2020,II,Nepenthes northiana,,Nepenthales,Nepenthaceae,Nepenthes,JP,LK,,,290,live,,T,A
2020,II,Nepenthes northiana,,Nepenthales,Nepenthaceae,Nepenthes,SG,LK,,,150,live,,T,A
2020,II,Nepenthes northiana,,Nepenthales,Nepenthaceae,Nepenthes,TW,LK,,,50,live,,T,A
2020,II,Nepenthes northiana,,Nepenthales,Nepenthaceae,Nepenthes,US,LK,,,780,live,,T,A
2020,II,Nepenthes ovata,,Nepenthales,Nepenthaceae,Nepenthes,GB,LK,,,1000,live,,T,A
2020,II,Nepenthes ovata,,Nepenthales,Nepenthaceae,Nepenthes,HK,LK,,,200,live,,T,A
2020,II,Nepenthes ovata,,Nepenthales,Nepenthaceae,Nepenthes,US,LK,,,70,live,,T,A
2020,II,Nepenthes pervillei,,Nepenthales,Nepenthaceae,Nepenthes,CA,LK,,,50,live,,T,A
2020,II,Nepenthes pervillei,,Nepenthales,Nepenthaceae,Nepenthes,GB,LK,,,3000,live,,T,A
2020,II,Nepenthes pervillei,,Nepenthales,Nepenthaceae,Nepenthes,HK,LK,,,380,live,,T,A
2020,II,Nepenthes pervillei,,Nepenthales,Nepenthaceae,Nepenthes,MY,LK,,,70,live,,T,A
2020,II,Nepenthes pervillei,,Nepenthales,Nepenthaceae,Nepenthes,SG,LK,,,120,live,,T,A
2020,II,Nepenthes pervillei,,Nepenthales,Nepenthaceae,Nepenthes,TH,LK,,,100,live,,T,A
2020,II,Nepenthes pervillei,,Nepenthales,Nepenthaceae,Nepenthes,US,LK,,,360,live,,T,A
2020,II,Nepenthes petiolata,,Nepenthales,Nepenthaceae,Nepenthes,GB,LK,,,3000,live,,T,A
2020,II,Nepenthes petiolata,,Nepenthales,Nepenthaceae,Nepenthes,HK,LK,,,430,live,,T,A
2020,II,Nepenthes petiolata,,Nepenthales,Nepenthaceae,Nepenthes,JP,LK,,,120,live,,T,A
2020,II,Nepenthes petiolata,,Nepenthales,Nepenthaceae,Nepenthes,SG,LK,,,50,live,,T,A
2020,II,Nepenthes petiolata,,Nepenthales,Nepenthaceae,Nepenthes,TH,LK,,,50,live,,T,A
2020,II,Nepenthes petiolata,,Nepenthales,Nepenthaceae,Nepenthes,US,LK,,,360,live,,T,A
2020,II,Nepenthes pyriformis,,Nepenthales,Nepenthaceae,Nepenthes,GB,LK,,,1000,live,,T,A
2020,II,Nepenthes rafflesiana,,Nepenthales,Nepenthaceae,Nepenthes,CA,LK,,,170,live,,T,A
2020,II,Nepenthes rafflesiana,,Nepenthales,Nepenthaceae,Nepenthes,GB,LK,,,2000,live,,T,A
2020,II,Nepenthes rafflesiana,,Nepenthales,Nepenthaceae,Nepenthes,JP,LK,,,140,live,,T,A
2020,II,Nepenthes rafflesiana,,Nepenthales,Nepenthaceae,Nepenthes,KR,LK,,,70,live,,T,A
2020,II,Nepenthes rafflesiana,,Nepenthales,Nepenthaceae,Nepenthes,US,LK,,,460,live,,T,A
2020,II,Nepenthes reinwardtiana,,Nepenthales,Nepenthaceae,Nepenthes,CA,LK,,,120,live,,T,A
2020,II,Nepenthes reinwardtiana,,Nepenthales,Nepenthaceae,Nepenthes,GB,LK,,,2000,live,,T,A
2020,II,Nepenthes reinwardtiana,,Nepenthales,Nepenthaceae,Nepenthes,HK,LK,,,150,live,,T,A
2020,II,Nepenthes reinwardtiana,,Nepenthales,Nepenthaceae,Nepenthes,TH,LK,,,50,live,,T,A
2020,II,Nepenthes reinwardtiana,,Nepenthales,Nepenthaceae,Nepenthes,US,LK,,,290,live,,T,A
2020,II,Nepenthes sibuyanensis,,Nepenthales,Nepenthaceae,Nepenthes,CA,LK,,,70,live,,T,A
2020,II,Nepenthes sibuyanensis,,Nepenthales,Nepenthaceae,Nepenthes,GB,LK,,,3000,live,,T,A
2020,II,Nepenthes sibuyanensis,,Nepenthales,Nepenthaceae,Nepenthes,HK,LK,,,680,live,,T,A
2020,II,Nepenthes sibuyanensis,,Nepenthales,Nepenthaceae,Nepenthes,JP,LK,,,200,live,,T,A
2020,II,Nepenthes sibuyanensis,,Nepenthales,Nepenthaceae,Nepenthes,TH,LK,,,70,live,,T,A
2020,II,Nepenthes sibuyanensis,,Nepenthales,Nepenthaceae,Nepenthes,TW,LK,,,50,live,,T,A
2020,II,Nepenthes sibuyanensis,,Nepenthales,Nepenthaceae,Nepenthes,US,LK,,,480,live,,T,A
2020,II,Nepenthes singalana,,Nepenthales,Nepenthaceae,Nepenthes,CA,LK,,,170,live,,T,A
2020,II,Nepenthes singalana,,Nepenthales,Nepenthaceae,Nepenthes,GB,LK,,,3000,live,,T,A
2020,II,Nepenthes singalana,,Nepenthales,Nepenthaceae,Nepenthes,HK,LK,,,440,live,,T,A
2020,II,Nepenthes singalana,,Nepenthales,Nepenthaceae,Nepenthes,JP,LK,,,50,live,,T,A
2020,II,Nepenthes singalana,,Nepenthales,Nepenthaceae,Nepenthes,MY,LK,,,50,live,,T,A
2020,II,Nepenthes singalana,,Nepenthales,Nepenthaceae,Nepenthes,NZ,LK,,,3000,live,,T,A
2020,II,Nepenthes singalana,,Nepenthales,Nepenthaceae,Nepenthes,TH,LK,,,50,live,,T,A
2020,II,Nepenthes singalana,,Nepenthales,Nepenthaceae,Nepenthes,US,LK,,,430,live,,T,A
2020,II,Nepenthes spathulata,,Nepenthales,Nepenthaceae,Nepenthes,CA,LK,,,50,live,,T,A
2020,II,Nepenthes spathulata,,Nepenthales,Nepenthaceae,Nepenthes,GB,LK,,,2000,live,,T,A
2020,II,Nepenthes spathulata,,Nepenthales,Nepenthaceae,Nepenthes,HK,LK,,,170,live,,T,A
2020,II,Nepenthes spathulata,,Nepenthales,Nepenthaceae,Nepenthes,JP,LK,,,50,live,,T,A
2020,II,Nepenthes spathulata,,Nepenthales,Nepenthaceae,Nepenthes,NZ,LK,,,3000,live,,T,A
2020,II,Nepenthes spathulata,,Nepenthales,Nepenthaceae,Nepenthes,US,LK,,,280,live,,T,A
2020,II,Nepenthes spectabilis,,Nepenthales,Nepenthaceae,Nepenthes,CA,LK,,,290,live,,T,A
2020,II,Nepenthes spectabilis,,Nepenthales,Nepenthaceae,Nepenthes,GB,LK,,,3000,live,,T,A
2020,II,Nepenthes spectabilis,,Nepenthales,Nepenthaceae,Nepenthes,HK,LK,,,660,live,,T,A
2020,II,Nepenthes spectabilis,,Nepenthales,Nepenthaceae,Nepenthes,JP,LK,,,170,live,,T,A
2020,II,Nepenthes spectabilis,,Nepenthales,Nepenthaceae,Nepenthes,SG,LK,,,100,live,,T,A
2020,II,Nepenthes spectabilis,,Nepenthales,Nepenthaceae,Nepenthes,TH,LK,,,70,live,,T,A
2020,II,Nepenthes spectabilis,,Nepenthales,Nepenthaceae,Nepenthes,US,LK,,,1160,live,,T,A
2020,II,Nepenthes stenophylla,,Nepenthales,Nepenthaceae,Nepenthes,CA,LK,,,50,live,,T,A
2020,II,Nepenthes stenophylla,,Nepenthales,Nepenthaceae,Nepenthes,GB,LK,,,3000,live,,T,A
2020,II,Nepenthes stenophylla,,Nepenthales,Nepenthaceae,Nepenthes,HK,LK,,,200,live,,T,A
2020,II,Nepenthes stenophylla,,Nepenthales,Nepenthaceae,Nepenthes,KR,LK,,,70,live,,T,A
2020,II,Nepenthes talangensis,,Nepenthales,Nepenthaceae,Nepenthes,GB,LK,,,1000,live,,T,A
2020,II,Nepenthes talangensis,,Nepenthales,Nepenthaceae,Nepenthes,HK,LK,,,270,live,,T,A
2020,II,Nepenthes talangensis,,Nepenthales,Nepenthaceae,Nepenthes,JP,LK,,,50,live,,T,A
2020,II,Nepenthes tentaculata,,Nepenthales,Nepenthaceae,Nepenthes,GB,LK,,,3000,live,,T,A
2020,II,Nepenthes tentaculata,,Nepenthales,Nepenthaceae,Nepenthes,HK,LK,,,480,live,,T,A
2020,II,Nepenthes tentaculata,,Nepenthales,Nepenthaceae,Nepenthes,JP,LK,,,120,live,,T,A
2020,II,Nepenthes tentaculata,,Nepenthales,Nepenthaceae,Nepenthes,SG,LK,,,50,live,,T,A
2020,II,Nepenthes tentaculata,,Nepenthales,Nepenthaceae,Nepenthes,US,LK,,,260,live,,T,A
2020,II,Nepenthes tomoriana,,Nepenthales,Nepenthaceae,Nepenthes,CA,LK,,,120,live,,T,A
2020,II,Nepenthes tomoriana,,Nepenthales,Nepenthaceae,Nepenthes,GB,LK,,,2000,live,,T,A
2020,II,Nepenthes tomoriana,,Nepenthales,Nepenthaceae,Nepenthes,HK,LK,,,50,live,,T,A
2020,II,Nepenthes tomoriana,,Nepenthales,Nepenthaceae,Nepenthes,JP,LK,,,70,live,,T,A
2020,II,Nepenthes tomoriana,,Nepenthales,Nepenthaceae,Nepenthes,KR,LK,,,50,live,,T,A
2020,II,Nepenthes tomoriana,,Nepenthales,Nepenthaceae,Nepenthes,US,LK,,,170,live,,T,A
2020,II,Nepenthes treubiana,,Nepenthales,Nepenthaceae,Nepenthes,GB,LK,,,2000,live,,T,A
2020,II,Nepenthes truncata,,Nepenthales,Nepenthaceae,Nepenthes,CA,LK,,,50,live,,T,A
2020,II,Nepenthes truncata,,Nepenthales,Nepenthaceae,Nepenthes,GB,LK,,,3000,live,,T,A
2020,II,Nepenthes truncata,,Nepenthales,Nepenthaceae,Nepenthes,HK,LK,,,190,live,,T,A
2020,II,Nepenthes truncata,,Nepenthales,Nepenthaceae,Nepenthes,JP,LK,,,100,live,,T,A
2020,II,Nepenthes truncata,,Nepenthales,Nepenthaceae,Nepenthes,US,LK,,,580,live,,T,A
2020,II,Nepenthes veitchii,,Nepenthales,Nepenthaceae,Nepenthes,CA,LK,,,50,live,,T,A
2020,II,Nepenthes veitchii,,Nepenthales,Nepenthaceae,Nepenthes,GB,LK,,,2000,live,,T,A
2020,II,Nepenthes veitchii,,Nepenthales,Nepenthaceae,Nepenthes,HK,LK,,,670,live,,T,A
2020,II,Nepenthes veitchii,,Nepenthales,Nepenthaceae,Nepenthes,JP,LK,,,310,live,,T,A
2020,II,Nepenthes veitchii,,Nepenthales,Nepenthaceae,Nepenthes,KR,LK,,,50,live,,T,A
2020,II,Nepenthes veitchii,,Nepenthales,Nepenthaceae,Nepenthes,SG,LK,,,70,live,,T,A
2020,II,Nepenthes veitchii,,Nepenthales,Nepenthaceae,Nepenthes,TW,LK,,,50,live,,T,A
2020,II,Nepenthes veitchii,,Nepenthales,Nepenthaceae,Nepenthes,US,LK,,,950,live,,T,A
2020,II,Nepenthes ventricosa,,Nepenthales,Nepenthaceae,Nepenthes,CA,LK,,,290,live,,T,A
2020,II,Nepenthes ventricosa,,Nepenthales,Nepenthaceae,Nepenthes,GB,LK,,,2000,live,,T,A
2020,II,Nepenthes ventricosa,,Nepenthales,Nepenthaceae,Nepenthes,HK,LK,,,220,live,,T,A
2020,II,Nepenthes ventricosa,,Nepenthales,Nepenthaceae,Nepenthes,JP,LK,,,200,live,,T,A
2020,II,Nepenthes ventricosa,,Nepenthales,Nepenthaceae,Nepenthes,NZ,LK,,,3000,live,,T,A
2020,II,Nepenthes ventricosa,,Nepenthales,Nepenthaceae,Nepenthes,TH,LK,,,50,live,,T,A
2020,II,Nepenthes ventricosa,,Nepenthales,Nepenthaceae,Nepenthes,US,LK,,,410,live,,T,A
2020,II,Nepenthes vieillardii,,Nepenthales,Nepenthaceae,Nepenthes,GB,LK,,,1000,live,,T,A
2020,II,Nepenthes villosa,,Nepenthales,Nepenthaceae,Nepenthes,CA,LK,,,50,live,,T,A
2020,II,Nepenthes villosa,,Nepenthales,Nepenthaceae,Nepenthes,GB,LK,,,1000,live,,T,A
2020,II,Nepenthes villosa,,Nepenthales,Nepenthaceae,Nepenthes,HK,LK,,,150,live,,T,A
2020,II,Nepenthes villosa,,Nepenthales,Nepenthaceae,Nepenthes,JP,LK,,,50,live,,T,A
2020,II,Nepenthes villosa,,Nepenthales,Nepenthaceae,Nepenthes,US,LK,,,830,live,,T,A
2020,II,Galaxea astreata,Anthozoa,Scleractinia,Oculinidae,Galaxea,LK,VN,,750,,live,,B,C
2020,II,Anoectochilus roxburghii,,Orchidales,Orchidaceae,Anoectochilus,CN,LA,,,31,leaves,,S,W
2020,II,Cycnoches cooperi,,Orchidales,Orchidaceae,Cycnoches,MO,SG,FR,0.72,,cosmetics,ml,T,A
2020,II,Cymbidium hybrid,,Orchidales,Orchidaceae,Cymbidium,DK,LK,,,700,live,,T,A
2020,II,Cymbidium hybrid,,Orchidales,Orchidaceae,Cymbidium,JP,LK,,,72,live,,T,A
2020,II,Dendrobium hybrid,,Orchidales,Orchidaceae,Dendrobium,DK,LK,,,100,live,,T,A
2020,II,Dendrobium hybrid,,Orchidales,Orchidaceae,Dendrobium,MV,LK,,,100,live,,T,A
2020,II,Dendrobium nobile,,Orchidales,Orchidaceae,Dendrobium,MO,SG,FR,1.44,,cosmetics,ml,T,A
2020,II,Epidendrum hybrid,,Orchidales,Orchidaceae,Epidendrum,DK,LK,,,8975,live,,T,A
2020,II,Gastrodia elata,,Orchidales,Orchidaceae,Gastrodia,MO,SG,KR,78.465,,cosmetics,ml,T,A
2020,II,Phalaenopsis amabilis,,Orchidales,Orchidaceae,Phalaenopsis,MO,SG,FR,7,,cosmetics,ml,T,A
2020,II,Thrixspermum centipeda,,Orchidales,Orchidaceae,Thrixspermum,CN,LA,,,31,leaves,,S,W
2020,II,Vanda coerulea,,Orchidales,Orchidaceae,Vanda,RS,HR,FR,3.97235,,extract,ml,T,A
2020,II,Vanilla planifolia,,Orchidales,Orchidaceae,Vanilla,DE,LK,,,1000,live,,T,A
2020,II,Phoenicopterus ruber,Aves,Ciconiiformes,Phoenicopteridae,Phoenicopterus,CN,ML,,,200,live,,,
2020,II,Phoenicopterus ruber,Aves,Ciconiiformes,Phoenicopteridae,Phoenicopterus,ML,SY,,200,,unspecified,,,
2020,II,Goniopora lobata,Anthozoa,Scleractinia,Poritidae,Goniopora,LK,VN,,750,,live,,B,C
2020,II,Goniopora stutchburyi,Anthozoa,Scleractinia,Poritidae,Goniopora,LK,VN,,750,,live,,B,C
2020,II,Agapornis fischeri,Aves,Psittaciformes,Psittacidae,Agapornis,LK,CZ,,40,,live,,B,C
2020,II,Agapornis personatus,Aves,Psittaciformes,Psittacidae,Agapornis,MV,LK,,,126,live,,T,C
2020,II,Agapornis personatus,Aves,Psittaciformes,Psittacidae,Agapornis,SG,LK,,,50,live,,T,C
2020,II,Agapornis pullarius,Aves,Psittaciformes,Psittacidae,Agapornis,XV,ML,,,80,live,,,
2020,II,Alisterus scapularis,Aves,Psittaciformes,Psittacidae,Alisterus,LK,CZ,,16,,live,,B,C
2020,II,Amazona aestiva,Aves,Psittaciformes,Psittacidae,Amazona,LK,QA,,4,,live,,B,C
2020,II,Amazona albifrons,Aves,Psittaciformes,Psittacidae,Amazona,LK,QA,,4,,live,,B,C
2020,II,Amazona amazonica,Aves,Psittaciformes,Psittacidae,Amazona,CA,TT,,,1,live,,P,U
2020,II,Amazona amazonica,Aves,Psittaciformes,Psittacidae,Amazona,PH,TT,,,1,live,,P,W
2020,II,Amazona ochrocephala,Aves,Psittaciformes,Psittacidae,Amazona,CA,TT,,,1,live,,P,U
2020,II,Amazona ochrocephala,Aves,Psittaciformes,Psittacidae,Amazona,RU,BY,,,1,live,,P,C
2020,II,Amazona xantholora,Aves,Psittaciformes,Psittacidae,Amazona,LK,QA,,4,,live,,B,C
2020,II,Ara ararauna,Aves,Psittaciformes,Psittacidae,Ara,LK,PH,,6,,live,,B,C
2020,II,Ara ararauna,Aves,Psittaciformes,Psittacidae,Ara,UA,MD,UA,,1,live,,Q,C
2020,II,Ara chloropterus,Aves,Psittaciformes,Psittacidae,Ara,LK,PH,,6,,live,,B,C
2020,II,Ara chloropterus,Aves,Psittaciformes,Psittacidae,Ara,UA,MD,UA,,1,live,,Q,C
2020,II,Ara hybrid,Aves,Psittaciformes,Psittacidae,Ara,LK,CZ,,25,,live,,B,C
2020,II,Ara severus,Aves,Psittaciformes,Psittacidae,Ara,MV,LK,,,1,live,,T,C
2020,II,Aratinga solstitialis,Aves,Psittaciformes,Psittacidae,Aratinga,LK,KW,,17,,live,,B,C
2020,II,Aratinga solstitialis,Aves,Psittaciformes,Psittacidae,Aratinga,MV,LK,,,20,live,,T,C
2020,II,Aratinga solstitialis,Aves,Psittaciformes,Psittacidae,Aratinga,SG,LK,,,10,live,,T,C
2020,II,Aratinga solstitialis,Aves,Psittaciformes,Psittacidae,Aratinga,TT,BB,,16,,live,,T,C
2020,II,Barnardius zonarius,Aves,Psittaciformes,Psittacidae,Barnardius,LK,CZ,,20,,live,,B,C
2020,II,Cyanoliseus patagonus,Aves,Psittaciformes,Psittacidae,Cyanoliseus,LK,CZ,,20,,live,,B,C
2020,II,Eclectus roratus,Aves,Psittaciformes,Psittacidae,Eclectus,MV,LK,,,47,live,,T,C
2020,II,Eclectus roratus,Aves,Psittaciformes,Psittacidae,Eclectus,SG,LK,,,6,live,,T,C
2020,II,Lathamus discolor,Aves,Psittaciformes,Psittacidae,Lathamus,LK,CZ,,20,,live,,B,C
2020,II,Myiopsitta monachus,Aves,Psittaciformes,Psittacidae,Myiopsitta,LK,CZ,,130,,live,,B,C
2020,II,Myiopsitta monachus,Aves,Psittaciformes,Psittacidae,Myiopsitta,LK,QA,,6,,live,,B,C
2020,II,Myiopsitta monachus,Aves,Psittaciformes,Psittacidae,Myiopsitta,MV,LK,,,20,live,,T,C
2020,II,Myiopsitta monachus,Aves,Psittaciformes,Psittacidae,Myiopsitta,SG,LK,,,10,live,,T,C
2020,II,Nandayus nenday,Aves,Psittaciformes,Psittacidae,Nandayus,LK,CZ,,20,,live,,B,C
2020,II,Neophema pulchella,Aves,Psittaciformes,Psittacidae,Neophema,LK,CZ,,60,,live,,B,C
2020,II,Neophema splendida,Aves,Psittaciformes,Psittacidae,Neophema,LK,CZ,,60,,live,,B,C
2020,II,Neopsephotus bourkii,Aves,Psittaciformes,Psittacidae,Neopsephotus,LK,CZ,,60,,live,,B,C
2020,II,Pionites leucogaster,Aves,Psittaciformes,Psittacidae,Pionites,LK,CZ,,46,,live,,B,C
2020,II,Pionites leucogaster,Aves,Psittaciformes,Psittacidae,Pionites,LK,SG,,2,,live,,B,C
2020,II,Platycercus elegans,Aves,Psittaciformes,Psittacidae,Platycercus,LK,CZ,,20,,live,,B,C
2020,II,Platycercus eximius,Aves,Psittaciformes,Psittacidae,Platycercus,LK,CZ,,57,,live,,B,C
2020,II,Poicephalus gulielmi,Aves,Psittaciformes,Psittacidae,Poicephalus,LK,QA,,8,,live,,B,C
2020,II,Poicephalus gulielmi,Aves,Psittaciformes,Psittacidae,Poicephalus,SG,CD,,,70,live,,T,W
2020,II,Poicephalus meyeri,Aves,Psittaciformes,Psittacidae,Poicephalus,SG,CD,,,156,live,,T,W
2020,II,Poicephalus senegalus,Aves,Psittaciformes,Psittacidae,Poicephalus,BD,ML,,,200,live,,,
2020,II,Poicephalus senegalus,Aves,Psittaciformes,Psittacidae,Poicephalus,JO,ML,,,100,live,,,
2020,II,Poicephalus senegalus,Aves,Psittaciformes,Psittacidae,Poicephalus,KW,ML,,,400,live,,,
2020,II,Poicephalus senegalus,Aves,Psittaciformes,Psittacidae,Poicephalus,LY,ML,,,170,live,,,
2020,II,Poicephalus senegalus,Aves,Psittaciformes,Psittacidae,Poicephalus,OM,ML,,,500,live,,,
2020,II,Poicephalus senegalus,Aves,Psittaciformes,Psittacidae,Poicephalus,RU,ML,,,50,live,,,
2020,II,Poicephalus senegalus,Aves,Psittaciformes,Psittacidae,Poicephalus,SA,ML,,,200,live,,,
2020,II,Poicephalus senegalus,Aves,Psittaciformes,Psittacidae,Poicephalus,UZ,ML,,,100,live,,,
2020,II,Polytelis alexandrae,Aves,Psittaciformes,Psittacidae,Polytelis,LK,CZ,,60,,live,,B,C
2020,II,Psephotus haematonotus,Aves,Psittaciformes,Psittacidae,Psephotus,LK,CZ,,40,,live,,B,C
2020,II,Psephotus varius,Aves,Psittaciformes,Psittacidae,Psephotus,LK,CZ,,20,,live,,B,C
2020,II,Psittacula alexandri,Aves,Psittaciformes,Psittacidae,Psittacula,TT,BB,,4,,live,,T,C
2020,II,Psittacula eupatria,Aves,Psittaciformes,Psittacidae,Psittacula,UA,MD,UA,,3,live,,Q,C
2020,II,Purpureicephalus spurius,Aves,Psittaciformes,Psittacidae,Purpureicephalus,LK,CZ,,20,,live,,B,C
2020,II,Pyrrhura molinae,Aves,Psittaciformes,Psittacidae,Pyrrhura,LK,KW,,14,,live,,B,C
2020,II,Pteropus giganteus,Mammalia,Chiroptera,Pteropodidae,Pteropus,DE,LK,,,2,hair,,S,W
2020,II,Morelia spilota,Reptilia,Serpentes,Pythonidae,Morelia,RU,BY,,,1,live,,B,C
2020,II,Morelia viridis,Reptilia,Serpentes,Pythonidae,Morelia,KZ,BY,,,4,live,,B,C
2020,II,Python bivittatus,Reptilia,Serpentes,Pythonidae,Python,AZ,BY,,,2,live,,Z,C
2020,II,Python bivittatus,Reptilia,Serpentes,Pythonidae,Python,LB,BY,,,76,live,,T,C
2020,II,Python bivittatus,Reptilia,Serpentes,Pythonidae,Python,MO,IT,VN,2,,leather products (small),,T,C
2020,II,Python bivittatus,Reptilia,Serpentes,Pythonidae,Python,RU,BY,,,18,live,,T,C
2020,II,Python bivittatus,Reptilia,Serpentes,Pythonidae,Python,US,CO,VN,,74,leather products (small),,T,C
2020,II,Python brongersmai,Reptilia,Serpentes,Pythonidae,Python,RU,BY,,,2,live,,B,C
2020,II,Python regius,Reptilia,Serpentes,Pythonidae,Python,LB,BY,,,4,live,,T,C
2020,II,Python reticulatus,Reptilia,Serpentes,Pythonidae,Python,JP,CO,VN,,2,leather products (small),,T,C
2020,II,Python reticulatus,Reptilia,Serpentes,Pythonidae,Python,MO,IT,VN,2,,leather products (small),,T,C
2020,II,Python reticulatus,Reptilia,Serpentes,Pythonidae,Python,RS,DE,ID,1,,leather products (small),,T,W
2020,II,Python reticulatus,Reptilia,Serpentes,Pythonidae,Python,US,CO,VN,,60,leather products (small),,T,C
2020,II,Python sebae,Reptilia,Serpentes,Pythonidae,Python,ES,CM,,,1,trophies,,H,W
2020,II,Python sebae,Reptilia,Serpentes,Pythonidae,Python,FR,CM,,,1,skins,,H,W
2020,II,Python sebae,Reptilia,Serpentes,Pythonidae,Python,FR,ML,,,600,skins,,,
2020,II,Python sebae,Reptilia,Serpentes,Pythonidae,Python,RU,CM,,,1,trophies,,H,W
2020,II,Python sebae,Reptilia,Serpentes,Pythonidae,Python,US,CM,,,2,skins,,H,W
2020,II,Python sebae,Reptilia,Serpentes,Pythonidae,Python,US,CM,,,6,trophies,,H,W
2020,II,Ramphastos toco,Aves,Piciformes,Ramphastidae,Ramphastos,LK,PH,,2,,live,,B,C
2020,II,Ramphastos tucanus,Aves,Piciformes,Ramphastidae,Ramphastos,LK,SG,,6,,live,,B,C
2020,II,Ramphastos vitellinus,Aves,Piciformes,Ramphastidae,Ramphastos,LK,PH,,2,,live,,B,C
2020,II,Ramphastos vitellinus,Aves,Piciformes,Ramphastidae,Ramphastos,LK,SG,,4,,live,,B,C
2020,II,Rhincodon typus,Elasmobranchii,Orectolobiformes,Rhincodontidae,Rhincodon,IT,CV,,,1,specimens,,S,W
2020,II,Rhina ancylostoma,Elasmobranchii,Rhinopristiformes,Rhinidae,Rhina,SG,LK,,,600,fins,kg,T,W
2020,II,Rhynchobatus spp.,Elasmobranchii,Rhinopristiformes,Rhinidae,Rhynchobatus,HK,LK,,,185.35,fins,kg,T,W
2020,II,Rhynchobatus spp.,Elasmobranchii,Rhinopristiformes,Rhinidae,Rhynchobatus,SG,LK,,,1600,fins,kg,T,W
2020,II,Rhynchobatus djiddensis,Elasmobranchii,Rhinopristiformes,Rhinidae,Rhynchobatus,HK,LK,,,200,bodies,kg,T,W
2020,II,Prunus africana,,Rosales,Rosaceae,Prunus,BA,RS,CM,,3.54,extract,kg,T,W
2020,II,Prunus africana,,Rosales,Rosaceae,Prunus,ES,CD,,,102000,bark,kg,T,W
2020,II,Pandinus dictator,Arachnida,Scorpiones,Scorpionidae,Pandinus,CA,CM,,,20,live,,T,W
2020,II,Pandinus dictator,Arachnida,Scorpiones,Scorpionidae,Pandinus,ES,CM,,,200,live,,T,W
2020,II,Pandinus dictator,Arachnida,Scorpiones,Scorpionidae,Pandinus,JP,CM,,,30,live,,T,W
2020,II,Pandinus dictator,Arachnida,Scorpiones,Scorpionidae,Pandinus,US,CM,,,150,live,,T,W
2020,II,Pandinus imperator,Arachnida,Scorpiones,Scorpionidae,Pandinus,US,CD,,,13000,live,,T,W
2020,II,Sphyrna lewini,Elasmobranchii,Carcharhiniformes,Sphyrnidae,Sphyrna,GB,TT,,,4,fins,cm3,S,W
2020,II,Sphyrna lewini,Elasmobranchii,Carcharhiniformes,Sphyrnidae,Sphyrna,HK,LK,,,1302,fins,kg,T,W
2020,II,Sphyrna lewini,Elasmobranchii,Carcharhiniformes,Sphyrnidae,Sphyrna,IT,CV,,,13,specimens,,S,W
2020,II,Sphyrna lewini,Elasmobranchii,Carcharhiniformes,Sphyrnidae,Sphyrna,SG,LK,,,1200,fins,kg,T,W
2020,II,Sphyrna lewini,Elasmobranchii,Carcharhiniformes,Sphyrnidae,Sphyrna,US,CV,,,13,specimens,,S,W
2020,II,Sphyrna mokarran,Elasmobranchii,Carcharhiniformes,Sphyrnidae,Sphyrna,GB,TT,,,2,fins,cm3,S,W
2020,II,Sphyrna zygaena,Elasmobranchii,Carcharhiniformes,Sphyrnidae,Sphyrna,HK,LK,,,64.6,fins,kg,T,W
2020,II,Ptilopsis leucotis,Aves,Strigiformes,Strigidae,Ptilopsis,KW,ML,,,60,live,,,
2020,II,Strombus gigas,Gastropoda,Mesogastropoda,Strombidae,Strombus,TW,TT,,,9.07,meat,kg,T,X
2020,II,Hippocampus comes,Actinopteri,Syngnathiformes,Syngnathidae,Hippocampus,AE,LK,,,10,live,,T,C
2020,II,Hippocampus comes,Actinopteri,Syngnathiformes,Syngnathidae,Hippocampus,BD,LK,,,50,live,,T,C
2020,II,Hippocampus comes,Actinopteri,Syngnathiformes,Syngnathidae,Hippocampus,CA,LK,,,60,live,,T,C
2020,II,Hippocampus comes,Actinopteri,Syngnathiformes,Syngnathidae,Hippocampus,GB,LK,,,1200,live,,T,C
2020,II,Hippocampus comes,Actinopteri,Syngnathiformes,Syngnathidae,Hippocampus,JO,LK,,,200,live,,T,C
2020,II,Hippocampus comes,Actinopteri,Syngnathiformes,Syngnathidae,Hippocampus,JP,LK,,,200,live,,T,C
2020,II,Hippocampus comes,Actinopteri,Syngnathiformes,Syngnathidae,Hippocampus,KW,LK,,,220,live,,T,C
2020,II,Hippocampus comes,Actinopteri,Syngnathiformes,Syngnathidae,Hippocampus,NZ,LK,,,20,live,,T,C
2020,II,Hippocampus comes,Actinopteri,Syngnathiformes,Syngnathidae,Hippocampus,RU,LK,,,60,live,,T,C
2020,II,Hippocampus reidi,Actinopteri,Syngnathiformes,Syngnathidae,Hippocampus,AE,LK,,,50,live,,T,C
2020,II,Hippocampus reidi,Actinopteri,Syngnathiformes,Syngnathidae,Hippocampus,BD,LK,,,90,live,,T,C
2020,II,Hippocampus reidi,Actinopteri,Syngnathiformes,Syngnathidae,Hippocampus,DE,LK,,,150,live,,T,C
2020,II,Hippocampus reidi,Actinopteri,Syngnathiformes,Syngnathidae,Hippocampus,FR,LK,,,150,live,,T,C
2020,II,Hippocampus reidi,Actinopteri,Syngnathiformes,Syngnathidae,Hippocampus,GB,LK,,,1200,live,,T,C
2020,II,Hippocampus reidi,Actinopteri,Syngnathiformes,Syngnathidae,Hippocampus,JO,LK,,,200,live,,T,C
2020,II,Hippocampus reidi,Actinopteri,Syngnathiformes,Syngnathidae,Hippocampus,JP,LK,,,450,live,,T,C
2020,II,Hippocampus reidi,Actinopteri,Syngnathiformes,Syngnathidae,Hippocampus,KR,LK,,,200,live,,T,C
2020,II,Hippocampus reidi,Actinopteri,Syngnathiformes,Syngnathidae,Hippocampus,KW,LK,,,220,live,,T,C
2020,II,Hippocampus reidi,Actinopteri,Syngnathiformes,Syngnathidae,Hippocampus,NL,LK,,,500,live,,T,C
2020,II,Hippocampus reidi,Actinopteri,Syngnathiformes,Syngnathidae,Hippocampus,NZ,LK,,,60,live,,T,C
2020,II,Hippocampus reidi,Actinopteri,Syngnathiformes,Syngnathidae,Hippocampus,PL,LK,,,240,live,,T,C
2020,II,Hippocampus reidi,Actinopteri,Syngnathiformes,Syngnathidae,Hippocampus,RU,LK,,,100,live,,T,C
2020,II,Centrochelys sulcata,Reptilia,Testudines,Testudinidae,Centrochelys,HK,ML,,,230,live,,,
2020,II,Centrochelys sulcata,Reptilia,Testudines,Testudinidae,Centrochelys,ID,ML,,,500,live,,,
2020,II,Centrochelys sulcata,Reptilia,Testudines,Testudinidae,Centrochelys,TG,ML,,,2420,live,,,
2020,II,Centrochelys sulcata,Reptilia,Testudines,Testudinidae,Centrochelys,TW,ML,,,550,live,,,
2020,II,Chelonoidis carbonarius,Reptilia,Testudines,Testudinidae,Chelonoidis,TH,CO,,,200,live,,T,C
2020,II,Stigmochelys pardalis,Reptilia,Testudines,Testudinidae,Stigmochelys,CN,ET,,,80,live,,T,W
2020,II,Testudo horsfieldii,Reptilia,Testudines,Testudinidae,Testudo,IT,UZ,,,500,live,,T,W
2020,II,Eudocimus ruber,Aves,Ciconiiformes,Threskiornithidae,Eudocimus,ML,BE,,130,,unspecified,,,
2020,II,Aquilaria crassna,,Myrtales,Thymelaeaceae,Aquilaria,AE,LA,,,5,oil,l,T,A
2020,II,Aquilaria crassna,,Myrtales,Thymelaeaceae,Aquilaria,AE,LK,,,70,oil,ml,T,A
2020,II,Aquilaria crassna,,Myrtales,Thymelaeaceae,Aquilaria,CN,LA,,,15,chips,kg,T,A
2020,II,Aquilaria crassna,,Myrtales,Thymelaeaceae,Aquilaria,CN,LA,,,500,powder,kg,T,A
2020,II,Aquilaria crassna,,Myrtales,Thymelaeaceae,Aquilaria,DE,LK,,,4,oil,ml,T,A
2020,II,Aquilaria crassna,,Myrtales,Thymelaeaceae,Aquilaria,FR,LA,,,100,oil,g,T,A
2020,II,Aquilaria crassna,,Myrtales,Thymelaeaceae,Aquilaria,FR,LA,,,29,oil,l,T,A
2020,II,Aquilaria crassna,,Myrtales,Thymelaeaceae,Aquilaria,JP,LK,,,1,oil,ml,T,A
2020,II,Aquilaria crassna,,Myrtales,Thymelaeaceae,Aquilaria,KR,LA,,,52,chips,kg,T,A
2020,II,Aquilaria crassna,,Myrtales,Thymelaeaceae,Aquilaria,KR,LA,,,500,oil,g,T,A
2020,II,Aquilaria crassna,,Myrtales,Thymelaeaceae,Aquilaria,KW,LA,,,40,chips,kg,T,A
2020,II,Aquilaria crassna,,Myrtales,Thymelaeaceae,Aquilaria,MY,LA,,,200,powder,kg,T,A
2020,II,Aquilaria crassna,,Myrtales,Thymelaeaceae,Aquilaria,QA,LK,,,2,oil,ml,T,A
2020,II,Aquilaria crassna,,Myrtales,Thymelaeaceae,Aquilaria,SA,LK,,,11.4,oil,ml,T,A
2020,II,Aquilaria crassna,,Myrtales,Thymelaeaceae,Aquilaria,SU,LA,,,1724,chips,kg,T,A
2020,II,Aquilaria crassna,,Myrtales,Thymelaeaceae,Aquilaria,TH,LA,,,469.7,chips,kg,T,A
2020,II,Aquilaria crassna,,Myrtales,Thymelaeaceae,Aquilaria,TH,LA,,,5,oil,l,T,A
2020,II,Aquilaria crassna,,Myrtales,Thymelaeaceae,Aquilaria,TW,LA,,,15103,powder,kg,T,A
2020,II,Aquilaria sinensis,,Myrtales,Thymelaeaceae,Aquilaria,CN,LA,CN,,31,leaves,,S,W
2020,II,Gyrinops walla,,Myrtales,Thymelaeaceae,Gyrinops,AE,LK,,,57.06,chips,kg,T,A
2020,II,Gyrinops walla,,Myrtales,Thymelaeaceae,Gyrinops,AE,LK,,,66.93,chips,kg,T,I
2020,II,Gyrinops walla,,Myrtales,Thymelaeaceae,Gyrinops,IN,LK,,,500,chips,g,T,I
2020,II,Gyrinops walla,,Myrtales,Thymelaeaceae,Gyrinops,IN,LK,,,642,oil,g,T,I
2020,II,Gyrinops walla,,Myrtales,Thymelaeaceae,Gyrinops,KW,LK,,,56.55,chips,kg,T,I
2020,II,Gyrinops walla,,Myrtales,Thymelaeaceae,Gyrinops,QA,LK,,,4.33,chips,kg,T,I
2020,II,Gyrinops walla,,Myrtales,Thymelaeaceae,Gyrinops,SA,LK,,,67.99,chips,kg,T,I
2020,II,Trachyphyllia geoffroyi,Anthozoa,Scleractinia,Trachyphylliidae,Trachyphyllia,LK,VN,,10,,live,,T,C
2020,II,Anthocephala floriceps,Aves,Apodiformes,Trochilidae,Anthocephala,US,CO,,,0.5,specimens,ml,S,W
2020,II,Chalcostigma heteropogon,Aves,Apodiformes,Trochilidae,Chalcostigma,US,CO,,,0.5,specimens,ml,S,W
2020,II,Eriocnemis cupreoventris,Aves,Apodiformes,Trochilidae,Eriocnemis,US,CO,,,0.5,specimens,ml,S,W
2020,II,Lepidopyga goudoti,Aves,Apodiformes,Trochilidae,Lepidopyga,US,CO,,,0.5,specimens,ml,S,W
2020,II,Leucippus fallax,Aves,Apodiformes,Trochilidae,Leucippus,US,CO,,,0.5,specimens,ml,S,W
2020,II,Oxypogon guerinii,Aves,Apodiformes,Trochilidae,Oxypogon,US,CO,,,0.5,specimens,ml,S,W
2020,II,Sternoclyta cyanopectus,Aves,Apodiformes,Trochilidae,Sternoclyta,US,CO,,,0.5,specimens,ml,S,W
2020,II,Urochroa bougueri,Aves,Apodiformes,Trochilidae,Urochroa,US,CO,,,0.5,specimens,ml,S,W
2020,II,Ursus arctos,Mammalia,Carnivora,Ursidae,Ursus,FI,RU,,2,,trophies,,H,W
2020,II,Ursus arctos,Mammalia,Carnivora,Ursidae,Ursus,MD,RU,,1,,trophies,,H,W
2020,II,Ursus arctos,Mammalia,Carnivora,Ursidae,Ursus,UA,BY,RU,,3,live,,Q,C
2020,II,Ursus arctos isabellinus,Mammalia,Carnivora,Ursidae,Ursus,JO,PK,,,2,live,,Z,C
2020,II,Varanus acanthurus,Reptilia,Sauria,Varanidae,Varanus,RU,BY,,,1,live,,B,C
2020,II,Varanus albigularis,Reptilia,Sauria,Varanidae,Varanus,US,CD,,,1000,live,,T,W
2020,II,Varanus beccarii,Reptilia,Sauria,Varanidae,Varanus,RU,BY,,,2,live,,Q,C
2020,II,Varanus niloticus,Reptilia,Sauria,Varanidae,Varanus,FR,MG,TD,,147,leather products (small),,T,W
2020,II,Varanus niloticus,Reptilia,Sauria,Varanidae,Varanus,FR,ML,,,13250,skins,,,
2020,II,Varanus niloticus,Reptilia,Sauria,Varanidae,Varanus,MO,FR,ML,4,,leather products (small),,T,W
2020,II,Varanus niloticus,Reptilia,Sauria,Varanidae,Varanus,MO,FR,TD,2,,leather products (small),,T,W
2020,II,Varanus niloticus,Reptilia,Sauria,Varanidae,Varanus,US,CM,,,10,live,,T,W
2020,II,Varanus niloticus,Reptilia,Sauria,Varanidae,Varanus,US,CO,ML,,10,leather products (small),,T,W
2020,II,Varanus salvator,Reptilia,Sauria,Varanidae,Varanus,FR,MG,MY,,59,leather products (small),,T,W
2020,II,Varanus salvator,Reptilia,Sauria,Varanidae,Varanus,GB,CO,ID,,8,leather products (small),,T,W
2020,II,Varanus salvator,Reptilia,Sauria,Varanidae,Varanus,MG,FR,ID,100,,skin pieces,,T,W
2020,II,Varanus salvator,Reptilia,Sauria,Varanidae,Varanus,MG,FR,MY,60,,leather products (small),,T,W
2020,II,Varanus salvator,Reptilia,Sauria,Varanidae,Varanus,MG,FR,MY,60,,skins,,T,W
2020,II,Varanus salvator,Reptilia,Sauria,Varanidae,Varanus,MO,FR,MY,6,,leather products (small),,T,W
2020,II,Varanus salvator,Reptilia,Sauria,Varanidae,Varanus,US,CO,ID,,131,leather products (small),,T,W
2020,II,Cyphostemma laza,,Rhamnales,Vitaceae,Cyphostemma,TW,MG,,,5,live,,T,A
2020,II,Cyphostemma montagnacii,,Rhamnales,Vitaceae,Cyphostemma,TW,MG,,,5,live,,T,A
2020,III,Capra hircus aegagrus,Mammalia,Artiodactyla,Bovidae,Capra,CA,PK,,,1,trophies,,H,W
2020,III,Capra hircus aegagrus,Mammalia,Artiodactyla,Bovidae,Capra,DE,PK,,,1,trophies,,H,W
2020,III,Capra hircus aegagrus,Mammalia,Artiodactyla,Bovidae,Capra,ES,PK,,,1,trophies,,H,W
2020,III,Capra hircus aegagrus,Mammalia,Artiodactyla,Bovidae,Capra,SE,PK,,,2,trophies,,H,W
2020,III,Capra hircus aegagrus,Mammalia,Artiodactyla,Bovidae,Capra,US,PK,,,3,trophies,,H,W
2020,III,Capra sibirica,Mammalia,Artiodactyla,Bovidae,Capra,CA,PK,,,1,trophies,,H,W
2020,III,Capra sibirica,Mammalia,Artiodactyla,Bovidae,Capra,CH,PK,,,1,trophies,,H,W
2020,III,Capra sibirica,Mammalia,Artiodactyla,Bovidae,Capra,DE,PK,,,4,trophies,,H,W
2020,III,Capra sibirica,Mammalia,Artiodactyla,Bovidae,Capra,IT,PK,,,2,trophies,,H,W
2020,III,Capra sibirica,Mammalia,Artiodactyla,Bovidae,Capra,KZ,PK,,,1,trophies,,H,W
2020,III,Capra sibirica,Mammalia,Artiodactyla,Bovidae,Capra,MD,RU,,1,,live,,Z,C
2020,III,Capra sibirica,Mammalia,Artiodactyla,Bovidae,Capra,RU,PK,,,2,trophies,,H,W
2020,III,Capra sibirica,Mammalia,Artiodactyla,Bovidae,Capra,US,PK,,,4,trophies,,H,W
2020,III,Pseudois nayaur,Mammalia,Artiodactyla,Bovidae,Pseudois,ES,PK,,,1,trophies,,H,W
2020,III,Gnetum spp.,,Pinales,Gnetaceae,Gnetum,CN,LA,,,31,leaves,,S,W
2020,III,Gnetum montanum,,Pinales,Gnetaceae,Gnetum,CN,LA,XX,,31,leaves,,S,W
2020,III,Martes flavigula,Mammalia,Carnivora,Mustelidae,Martes,MD,RU,,1,,live,,Z,C
2020,III,Mustela sibirica,Mammalia,Carnivora,Mustelidae,Mustela,US,LK,XX,,38.214,hair,g,T,W
2020,III,Pavo cristatus,Aves,Galliformes,Phasianidae,Pavo,US,PK,,,50,trophies,,T,C
2020,III,Potamotrygon magdalenae,Elasmobranchii,Myliobatiformes,Potamotrygonidae,Potamotrygon,MX,CO,,,120,live,,T,W
2020,III,Potamotrygon motoro,Elasmobranchii,Myliobatiformes,Potamotrygonidae,Potamotrygon,CA,CO,,,12,live,,T,W
2020,III,Potamotrygon motoro,Elasmobranchii,Myliobatiformes,Potamotrygonidae,Potamotrygon,IL,CO,,,4,live,,T,W
2020,III,Potamotrygon motoro,Elasmobranchii,Myliobatiformes,Potamotrygonidae,Potamotrygon,MX,CO,,,4,live,,T,W
2020,III,Potamotrygon orbignyi,Elasmobranchii,Myliobatiformes,Potamotrygonidae,Potamotrygon,MX,CO,,,4,live,,T,W
2020,III,Potamotrygon schroederi,Elasmobranchii,Myliobatiformes,Potamotrygonidae,Potamotrygon,CN,CO,,,60,live,,T,W
2020,III,Daboia russelii,Reptilia,Serpentes,Viperidae,Daboia,RU,LK,,,4,live,,T,C
2020,III,Civettictis civetta,Mammalia,Carnivora,Viverridae,Civettictis,ES,CM,,,1,trophies,,H,W
2020,III,Civettictis civetta,Mammalia,Carnivora,Viverridae,Civettictis,FR,ET,,,90.1,musk,kg,T,R
2020,III,Civettictis civetta,Mammalia,Carnivora,Viverridae,Civettictis,KR,ET,,,670,musk,kg,T,R
2020,III,Civettictis civetta,Mammalia,Carnivora,Viverridae,Civettictis,RU,CM,,,2,trophies,,H,W
2021,II,Varanus niloticus,Reptilia,Sauria,Varanidae,Varanus,FR,MG,TD,,53,leather products (small),,T,W
